-- phpMyAdmin SQL Dump
-- version 5.2.0
-- https://www.phpmyadmin.net/
--
-- Host: 127.0.0.1
-- Generation Time: Dec 13, 2023 at 07:33 PM
-- Server version: 10.4.27-MariaDB
-- PHP Version: 8.2.0

SET SQL_MODE = "NO_AUTO_VALUE_ON_ZERO";
START TRANSACTION;
SET time_zone = "+00:00";


/*!40101 SET @OLD_CHARACTER_SET_CLIENT=@@CHARACTER_SET_CLIENT */;
/*!40101 SET @OLD_CHARACTER_SET_RESULTS=@@CHARACTER_SET_RESULTS */;
/*!40101 SET @OLD_COLLATION_CONNECTION=@@COLLATION_CONNECTION */;
/*!40101 SET NAMES utf8mb4 */;

--
-- Database: `itf-department-portal`
--

-- --------------------------------------------------------

--
-- Table structure for table `account`
--

CREATE TABLE `account` (
  `username` varchar(50) NOT NULL DEFAULT '',
  `password` varchar(50) NOT NULL DEFAULT ''
) ENGINE=InnoDB DEFAULT CHARSET=utf8mb4 COLLATE=utf8mb4_general_ci;

--
-- Dumping data for table `account`
--

INSERT INTO `account` (`username`, `password`) VALUES
('leanhtuan2002', '123456789'),
('maivanha', '123456789'),
('phamnguyenanhphat2003', '123456789'),
('tranductri2003', '123456789');

-- --------------------------------------------------------

--
-- Table structure for table `category`
--

CREATE TABLE `category` (
  `id` int(11) NOT NULL,
  `title` varchar(50) DEFAULT NULL
) ENGINE=InnoDB DEFAULT CHARSET=utf8mb4 COLLATE=utf8mb4_general_ci;

--
-- Dumping data for table `category`
--

INSERT INTO `category` (`id`, `title`) VALUES
(1, 'Giới thiệu'),
(2, 'Tuyển sinh'),
(3, 'Đào tạo'),
(4, 'Nghiên cứu khoa học'),
(5, 'Hợp tác'),
(6, 'Sinh viên'),
(7, 'Cựu sinh viên');

-- --------------------------------------------------------

--
-- Table structure for table `post`
--

CREATE TABLE `post` (
  `id` int(11) NOT NULL,
  `category` int(11) NOT NULL,
  `title` varchar(5000) DEFAULT NULL,
  `image` varchar(5000) DEFAULT NULL,
  `excerpt` varchar(500) DEFAULT NULL,
  `content` varchar(5000) DEFAULT NULL,
  `author` varchar(50) DEFAULT NULL,
  `date` date DEFAULT NULL,
  `num_views` int(11) DEFAULT 0
) ENGINE=InnoDB DEFAULT CHARSET=utf8mb4 COLLATE=utf8mb4_general_ci;

--
-- Dumping data for table `post`
--

INSERT INTO `post` (`id`, `category`, `title`, `image`, `excerpt`, `content`, `author`, `date`, `num_views`) VALUES
(1, 1, 'Giới thiệu chung', 'media/post/default.jpg', 'Lịch sử hình thành và phát triển\r\n\r\n- Năm 1979, Bộ môn Kỹ thuật tính toán, trực thuộc Ban Giám Hiệu Trường Đại học Bách khoa Đà Nẵng được thành lập, với ba cán bộ giảng dạy đầu tiên.\r\n\r\n- Năm 1986, Trường Đại học Bách khoa Đà Nẵng nhận được máy tính điện tử МИНСК-22, thuộc thế hệ 2, chế tạo tại Liên-Xô.', 'Lịch sử hình thành và phát triển\r\n\r\n- Năm 1979, Bộ môn Kỹ thuật tính toán, trực thuộc Ban Giám Hiệu Trường Đại học Bách khoa Đà Nẵng được thành lập, với ba cán bộ giảng dạy đầu tiên.\r\n\r\n- Năm 1986, Trường Đại học Bách khoa Đà Nẵng nhận được máy tính điện tử МИНСК-22, thuộc thế hệ 2, chế tạo tại Liên-Xô.\r\n\r\n- Năm 1991, thành lập Trung tâm Tin Học dựa trên cơ sở Bộ môn Kỹ thuật tính toán, Trường Đại học Bách khoa.\r\n\r\n- Năm 1996, Bộ Giáo dục & Đạo tạo ra Quyết định số 4430/GD-ĐT ngày 17/10/1996 cho phép thành lập Khoa Công nghệ Thông tin (CNTT), trực thuộc Trường Đại học Kỹ thuật, Đại học Đà Nẵng. Trong suốt bốn năm từ 1996 đến 2000, Khoa CNTT là một trong bảy Khoa CNTT trọng điểm của Nhà nước trong chương trình Quốc gia về phát triển và ứng dụng CNTT ở Việt nam (theo Nghị quyết 49/CP ký ngày 03/08/1993 của Chính phủ).\r\n\r\n- Năm 1999, Khoa CNTT đào tạo khóa Cao học Khoa học Máy tính đầu tiên.\r\n\r\n- Năm 2001, Khoa CNTT đổi tên thành Khoa Công nghệ Thông tin & Điện tử Viễn thông.\r\n\r\n- Năm 2004, nhằm đáp ứng nhu cầu xã hội và sự lớn mạnh của ngành Công nghệ Thông tin, Khoa Công nghệ Thông tin & Điện tử Viễn thông được tách thành Khoa Công nghệ Thông tin và Khoa Điện tử Viễn thông.\r\n\r\nLãnh đạo Khoa qua các thời kỳ\r\n\r\n- 1979 – 1984: KS. Huỳnh Đốc, Trưởng Bộ môn Kỹ thuật tính toán và CN. Bùi Thị Hoàng, Phó trưởng Bộ môn.\r\n\r\n- 1984 – 1986: TS. Phan Huy Khánh, Trưởng Bộ môn Máy tính điện tử.\r\n\r\n- 1986 – 1987: NGUT. Nguyễn Ngọc Diệp, Trưởng Bộ môn Máy tính điện tử.\r\n\r\n- 1987 – 1988: KS. Võ Ngọc Anh, Trưởng Bộ môn Máy tính điện tử.\r\n\r\n- 1988 – 1989: KS. Lê Văn Sơn, Trưởng Bộ môn Máy tính (hợp nhất Bộ môn Máy tính điện tử của Trường Đại học Bách khoa và Bộ môn Tin học của phân hiệu Đại học Kinh tế Đà Nẵng).\r\n\r\n- 1989 – 1991: CN. Tạ Văn Tới, Trưởng Bộ môn Máy tính.\r\n\r\n- 1991 – 1994: PGS. TSKH. Trần Quốc Chiến, Giám đốc Trung tâm Tin học (Phó Giám đốc: ThS. Võ Ngọc Anh và KS. Lê Văn Sơn).\r\n\r\n- 1994 – 1999: TS. Phan Huy Khánh, Trưởng Khoa Công nghệ Thông tin.\r\n\r\n- 1999 – 2004: ThS. Phạm Vĩnh Minh, Trưởng Khoa Công nghệ Thông tin – Điện tử Viễn thông.\r\n\r\n- 2004 – 2009: ThS. Đặng Bá Lư, Trưởng Khoa Công nghệ Thông tin.\r\n\r\n- 2010 – 2020: PGS. TS. Nguyễn Thanh Bình, Trưởng Khoa Công nghệ Thông tin.\r\n\r\n- 2020 – nay: PGS. TS. Nguyễn Tấn Khôi, Trưởng Khoa Công nghệ Thông tin.\r\n\r\nĐào tạo\r\n\r\nKhoa Công nghệ Thông tin tuyển sinh và đào tạo các bậc:\r\n\r\n- Kỹ sư, cử nhân ngành Công nghệ Thông tin (chương trình đặc thù - hợp tác doanh nghiệp, chương trình CLC ngoại ngữ Nhật, chuyên ngành Khoa học dữ liệu và Trí tuệ nhân tạo);\r\n- Thạc sỹ ngành Khoa học Máy tính;\r\n- Tiến sỹ ngành Khoa học Máy tính.\r\n\r\nNgoài ra, Khoa còn có các chương trình đào tạo Chất lượng cao:\r\n\r\n- Chương trình đào tạo Chất lượng cao PFIEV Việt - Pháp, ngành Công nghệ Thông tin, hợp tác với Đại học Polytech Marseille và Đại học Bách khoa Grenoble, CH Pháp.\r\n \r\n\r\nNghiên cứu khoa học\r\n\r\nCác hướng nghiên cứu chính của cán bộ, giảng viên của Khoa gồm:\r\n\r\n- Xử lý ngôn ngữ tự nhiên\r\n- Kiểm thử phần mềm\r\n- Hệ thống thông tin và Cơ sở dữ liệu\r\n- Mô hình hóa hình học\r\n- Học máy\r\n- Xử lý ảnh và tín hiệu\r\n\r\nCơ sở vật chất\r\n\r\nKhoa Công nghệ Thông tin có khu thí nghiệm gồm nhiều trang thiết bị và hơn 300 máy tính phục vụ cho các hoạt động nghiên cứu và giảng dạy:\r\n\r\n- Trung tâm nghiên cứu DATIC\r\n- Phòng thí nghiệm nhúng Nokia\r\n- Phòng thí nghiệm mạng CISCO\r\n- Phòng thí nghiệm phần mềm\r\n- Phòng thí nghiệm phần cứng', 'tranductri2003', '2023-12-10', 12),
(2, 1, 'Bộ môn Công nghệ Phần mềm', 'media/post/default.jpg', 'Giới thiệu\r\n\r\nBộ môn Công nghệ Phần mềm, trực thuộc Khoa Công nghệ Thông tin được thành lập từ năm 2005. Bộ môn Công nghệ phần mềm chịu trách nhiệm đảm nhận giảng dạy các học phần về lĩnh vực phát triển phần mềm, như Cấu trúc dữ liệu, Phân tích và thiết kế thuật toán, Cơ sở dữ liệu, Phân tích và thiết kế hệ thống, Công nghệ phần mềm, Kiểm thử phần mềm, Lập trình, Quản trị dự án… Bộ môn chịu trách nhiệm giảng dạy và hướng dẫn đồ án tốt nghiệp cho các sinh viên đăng ký theo học chuyên ngành Công n', 'Chuyên ngành Công nghệ phần mềm trang bị kiến thức tổng quát về qui trình xây dựng, quản lý và bảo trì hệ thống phần mềm; có khả năng phân tích; thiết kế và quản lý các dự án phần mềm; cung cấp phương pháp luận và công nghệ mới để sinh viên có thể nắm bắt và làm chủ các tiến bộ khoa học. Sinh viên được cung cấp kiến thức cơ bản về tổ chức và quản lý công nghệ phần mềm để có khả năng xây dựng mô hình và áp dụng các nguyên tắc của công nghệ phần mềm vào thực tế. Sinh viên có thể làm lập trình viên, phát triển phần mềm, chuyên viên kiểm định và thử nghiệm phần mềm, lập dự án, lên kế hoạch, hoạch định chính sách phát triển phần mềm và các ứng dụng, trưởng nhóm phần mềm, kiểm định, thử nghiệm và đánh giá phần mềm, giám đốc dự án, giám đốc thông tin (CIO); ngoài ra sinh viên được trang bị kiến thức để có thể đảm nhiệm các chức danh.\r\n\r\n- Cán bộ nghiên cứu và ứng dụng Công nghệ thông tin ở các viện, trung tâm nghiên cứu và các trường đại học, cao đẳng\r\n- Giảng viên Công nghệ thông tin ở các trường đại học, cao đẳng, trung học chuyên nghiệp và dạy nghề\r\n- Cán bộ quản lý các dự án, các hệ thống thông tin quản lý, mạng truyền thông ở các cơ quan, ngành, tổng cục, công ty\r\n- Tiếp tục được đào tạo sau đại học để nhận các trình độ thạc sĩ và tiến sĩ, trở thành các chuyên gia trong lĩnh vực CNTT\r\n\r\nĐội ngũ cán bộ\r\n\r\nBộ môn gồm có 10 cán bộ, trong đó có 09 giảng viên, 01 cán bộ thực hành với 05 Tiến sỹ, 04 Thạc sỹ và 01 NCS.\r\n\r\nSTT\r\n\r\nHình ảnh\r\n\r\nHọ và tên, Chức danh, Chức vụ\r\n\r\nThông tin liên hệ\r\n\r\nGhi chú\r\n\r\n1\r\n\r\n\r\n\r\nNGUYỄN VĂN HIỆU\r\nTS., Giảng viên chính \r\nTrưởng Bộ môn Bộ môn Công nghệ phần mềm\r\nLý lịch khoa học\r\n\r\nĐiện thoại DĐ: 0367 997 777\r\nEmail: nvhieuqt@dut.udn.vn\r\n\r\n \r\n2\r\n\r\n\r\n\r\nĐẶNG THIÊN BÌNH\r\nThS, Giảng viên\r\nLý lịch khoa học\r\n\r\nĐiện thoại DĐ: 0935.556.678\r\nEmail: dtbinh@dut.udn.vn\r\n\r\n \r\n3\r\n\r\n\r\n\r\nTRƯƠNG NGỌC CHÂU\r\nTS., Giảng viên chính\r\nLý lịch khoa học\r\n\r\nĐiện thoại DĐ: 0905.026.168\r\nEmail: tnchau@dut.udn.vn\r\n\r\n \r\n4\r\n\r\n\r\n\r\nLÊ THỊ MỸ HẠNH\r\nTS., Giảng viên chính\r\nLý lịch khoa học\r\n\r\nĐiện thoại DĐ: 0905 737 577\r\nEmail: ltmhanh@dut.udn.vn\r\n\r\n \r\n5\r\n\r\n\r\n\r\nĐỖ THỊ TUYẾT HOA\r\nThS., Giảng viên\r\nLý lịch khoa học\r\n\r\nĐiện thoại NR: 0236 3764 619\r\nĐiện thoại DĐ: 0935 678 198\r\nEmail: dtthoa@dut.udn.vn\r\n\r\n \r\n6\r\n\r\n\r\n\r\nVÕ ĐỨC HOÀNG (CNTT)\r\nTS., Giảng viên\r\nLý lịch khoa học\r\n\r\nĐiện thoại DĐ: 0906 477 283\r\nEmail: hoangvd.it@dut.udn.vn\r\n\r\n \r\n7\r\n\r\n	\r\nNGUYỄN THỊ MINH HỶ\r\nThS., Giảng viên chính\r\nLý lịch khoa học\r\n\r\nĐiện thoại NR: 0236 3984 224\r\nĐiện thoại DĐ: 0989 600 305\r\nEmail: ntmhy@dut.udn.vn\r\n\r\n \r\n8\r\n\r\n\r\n\r\nĐẶNG HOÀI PHƯƠNG\r\nTS., Giảng viên\r\nPhó Trưởng khoa Công nghệ Thông tin \r\nLý lịch khoa học\r\n\r\nĐiện thoại DĐ: 0935 578 555\r\nEmail: dhphuong@dut.udn.vn\r\n\r\n \r\n9\r\n\r\n\r\n\r\nPHAN THANH TAO\r\nThS., Giảng viên\r\nLý lịch khoa học\r\n\r\nĐiện thoại NR: 0236 3841 356\r\nĐiện thoại DĐ: 0913 474 464\r\nEmail: pttao@dut.udn.vn\r\n\r\n \r\n10\r\n\r\n\r\n\r\nPHAN CHÍ TÙNG\r\nThS., Giảng viên\r\nLý lịch khoa học\r\n\r\nĐiện thoại NR: 0236 3651 423\r\nĐiện thoại DĐ: 0989 078 034\r\nEmail: pctung@dut.udn.vn\r\n\r\n \r\nLiên hệ\r\n\r\nCác tổ chức, cá nhân, sinh viên, học viên cao học, nghiên cứu sinh quan tâm đến các lĩnh vực trên có thể liên hệ: nvhieuqt@dut.udn.vn', 'phamnguyenanhphat2003', '2023-12-10', 12),
(4, 1, 'Bộ môn Hệ thống Nhúng', 'media/post/default.jpg', 'Giới thiệu\r\n\r\nNgày nay, các hệ thống nhúng xuất hiện ở nhiều nơi và được ứng dụng ở nhiều lĩnh khác nhau trong đời sống xã hội. Từ các thiết bị sử dụng trong đời sống hằng ngày như: tivi, tủ lạnh, máy giặt, điện thoại di động,… đến các thiết bị công nghệ, phương tiện cao cấp như ôtô, robot, các thiết bị y tế,… đều có ứng dụng các hệ thống nhúng.', 'Giới thiệu\r\n\r\nNgày nay, các hệ thống nhúng xuất hiện ở nhiều nơi và được ứng dụng ở nhiều lĩnh khác nhau trong đời sống xã hội. Từ các thiết bị sử dụng trong đời sống hằng ngày như: tivi, tủ lạnh, máy giặt, điện thoại di động,… đến các thiết bị công nghệ, phương tiện cao cấp như ôtô, robot, các thiết bị y tế,… đều có ứng dụng các hệ thống nhúng.\r\n\r\nTrên cơ sở nhu cầu của xã hội, Khoa Công nghệ Thông tin đã thành lập Bộ môn Hệ thống Nhúng từ năm 2005. Bộ môn Hệ thống Nhúng chịu trách nhiệm nghiên cứu và giảng dạy các học phần về lĩnh vực phần cứng, lập trình trên vi xử lý, lập trình vi điều khiển, lập trình giao tiếp, lập trình di động và thiết bị cầm tay, phát triển các hệ thống giám sát và nhận dạng thông minh; đẩy mạnh nghiên cứu và chuyển giao công nghệ các hệ thống nhúng.\r\n\r\nSinh viên theo học chuyên ngành hệ thống nhúng được trang bị đầy đủ các kiến thức để có thể phát triển các ứng dụng trên thiết bị cầm tay, các ứng dụng trên điện thoại di động, các hệ thống thông minh điều khiển, giám sát các tòa nhà sử dụng cảm biến, xử lý âm thanh, hình ảnh, phát triển các ứng dụng mô phỏng và đánh giá chất lượng các hệ thống, …\r\n\r\nĐội ngũ cán bộ\r\n\r\nBộ môn gồm có 05 cán bộ, trong đó có 05 giảng viên với 04 Tiến sỹ và 01 NCS\r\n\r\nSTT\r\n\r\nHình ảnh\r\n\r\nHọ và tên, Chức danh, Chức vụ\r\n\r\nThông tin liên hệ\r\n\r\nGhi chú\r\n\r\n1\r\n\r\n\r\n\r\nNINH KHÁNH DUY\r\nTS., Giảng viên\r\nTrưởng Bộ môn Hệ thống nhúng\r\nLý lịch khoa học\r\n\r\nĐiện thoại NR: 0236 3895 012\r\nĐiện thoại DĐ: 0935 043 201\r\nEmail: nkduy@dut.udn.vn\r\n\r\n \r\n\r\n2		HUỲNH HỮU HƯNG\r\nTS., Giảng viên chính\r\nTrưởng phòng Công tác sinh viên, trường Đại học Bách khoa - Đại học Đà Nẵng\r\nLý lịch khoa học	Điện thoại DĐ: 0905 444 669\r\nEmail: hhhung@dut.udn.vn	 \r\n3\r\n\r\n\r\n\r\nHUỲNH TRUNG MẠNH\r\nThS., Trợ giảng\r\n\r\nĐiện thoại DĐ: 0947 727 847\r\nEmail: htmanh@gmail.com\r\n\r\n \r\n\r\n4\r\n\r\n\r\n\r\nBÙI THỊ THANH THANH\r\nTS., Giảng viên\r\nLý lịch khoa học\r\n\r\nĐiện thoại DĐ: 0935 825 915\r\nEmail: bttthanh@dut.udn.vn\r\n\r\n \r\n\r\n5		\r\nPHẠM CÔNG THẮNG\r\nTS., Giảng viên\r\n\r\nPhó Trưởng khoa Công nghệ Thông tin \r\nLý lịch khoa học\r\n\r\nĐiện thoại DĐ: 0905 983 126\r\nEmail: pcthang@dut.udn.vn', 'tranductri2003', '2023-12-10', 14),
(5, 1, 'Đội ngũ cán bộ', 'media/post/default.jpg', 'Đội ngũ cán bộ', 'STT\r\n\r\nHình ảnh\r\n\r\nHọ và tên, Chức danh, Chức vụ\r\n\r\nThông tin liên hệ\r\n\r\nGhi chú\r\n\r\nKHOA CÔNG NGHỆ THÔNG TIN - Điện thoại: 0236.3736.949 - Email: cntt@dut.udn.vn\r\n\r\n1\r\n\r\n\r\n\r\nNGUYỄN TẤN KHÔI\r\nPGS. TS., Giảng viên cao cấp\r\nTrưởng khoa Khoa Công nghệ Thông tin, Trưởng CN Công nghệ thông tin Chương trình Đào tạo Kỹ sư CLC Việt - Pháp (PFIEV)\r\nLý lịch khoa học\r\n\r\nĐiện thoại NR: 0236 3638 383\r\nĐiện thoại DĐ: 0903 511 888\r\nEmail: ntkhoi@dut.udn.vn\r\n\r\n \r\n\r\n2\r\n\r\n\r\n\r\nĐẶNG HOÀI PHƯƠNG\r\nTS., Giảng viên\r\nPhó Trưởng khoa Khoa Công nghệ thông tin\r\nLý lịch khoa học\r\n\r\nĐiện thoại DĐ: 0935 578 555\r\nEmail: dhphuong@dut.udn.vn\r\n\r\n \r\n\r\n3\r\n\r\n\r\n\r\nPHẠM CÔNG THẮNG\r\nTS., Giảng viên\r\nPhó Trưởng khoa Khoa Công nghệ thông tin\r\nLý lịch khoa học\r\n\r\nĐiện thoại DĐ: 0905 983 126\r\nEmail: pcthang@dut.udn.vn\r\n\r\n \r\n\r\n4\r\n\r\n\r\n\r\nHOÀNG THỊ HƯƠNG\r\nCN.\r\nThư ký khoa\r\nLý lịch khoa học\r\n\r\nĐiện thoại DĐ: 0902 023 000\r\nEmail: huongcnttbk@gmail.com\r\n\r\n \r\n\r\nBỘ MÔN CÔNG NGHỆ PHẦN MỀM\r\n\r\n1\r\n\r\n\r\n\r\nNGUYỄN VĂN HIỆU\r\nTS., Giảng viên chính\r\nTrưởng Bộ môn Bộ môn Công nghệ phần mềm\r\nLý lịch khoa học\r\n\r\nĐiện thoại DĐ: 0367 997 777\r\nEmail: nvhieuqt@dut.udn.vn\r\n\r\n \r\n\r\n2\r\n\r\n\r\n\r\nĐẶNG THIÊN BÌNH\r\nThS, Giảng viên\r\n\r\nĐiện thoại DĐ: 0935.556.678\r\nEmail: dtbinh@dut.udn.vn\r\n\r\n \r\n\r\n3\r\n\r\n\r\n\r\nTRƯƠNG NGỌC CHÂU\r\nTS, Giảng viên chính\r\nLý lịch khoa học\r\n\r\nĐiện thoại DĐ: 0905.026.168\r\nEmail: tnchau@dut.udn.vn\r\n\r\n \r\n\r\n4\r\n\r\n\r\n\r\nLÊ THỊ MỸ HẠNH\r\nTS., Giảng viên chính\r\nLý lịch khoa học\r\n\r\nĐiện thoại DĐ: 0905 737 577\r\nEmail: ltmhanh@dut.udn.vn\r\n\r\n \r\n\r\n5\r\n\r\n\r\n\r\nĐỖ THỊ TUYẾT HOA\r\nThS., Giảng viên\r\nLý lịch khoa học\r\n\r\nĐiện thoại NR: 0236 3764 619\r\nĐiện thoại DĐ: 0935 678 198\r\nEmail: dtthoa@dut.udn.vn\r\n\r\n \r\n\r\n6\r\n\r\n\r\n\r\nVÕ ĐỨC HOÀNG (CNTT)\r\nTS., Giảng viên\r\nLý lịch khoa học\r\n\r\nĐiện thoại DĐ: 0906 477 283\r\nEmail: hoangvd.it@dut.udn.vn\r\n\r\n \r\n\r\n7		LƯU VĂN HUY\r\nKs., Trợ giảng\r\nLý lịch khoa học	Điện thoại DĐ: 0935.624.788\r\nEmail: luuvanhuy2012@gmail.com	 \r\n8\r\n\r\n\r\n\r\nNGUYỄN THỊ MINH HỶ\r\nThS., Giảng viên\r\nLý lịch khoa học\r\n\r\nĐiện thoại NR: 0236 3984 224\r\nĐiện thoại DĐ: 0989 600 305\r\nEmail: ntmhy@dut.udn.vn\r\n\r\n \r\n\r\n9\r\n\r\n\r\n\r\nĐẶNG HOÀI PHƯƠNG\r\nTS., Giảng viên\r\nPhó Trưởng khoa Khoa Công nghệ thông tin\r\nLý lịch khoa học\r\n\r\nĐiện thoại DĐ: 0935 578 555\r\nEmail: dhphuong@dut.udn.vn\r\n\r\n \r\n\r\n10\r\n\r\n\r\n\r\nPHAN THANH TAO\r\nThS., Giảng viên\r\nLý lịch khoa học\r\n\r\nĐiện thoại NR: 0236 3841 356\r\nĐiện thoại DĐ: 0913 474 464\r\nEmail: pttao@dut.udn.vn\r\n\r\n \r\n\r\n11\r\n\r\n\r\n\r\nPHAN CHÍ TÙNG\r\nThS., Giảng viên\r\nLý lịch khoa học\r\n\r\nĐiện thoại NR: 0236 3651 423\r\nĐiện thoại DĐ: 0989 078 034\r\nEmail: pctung@dut.udn.vn\r\n\r\n \r\n\r\nBỘ MÔN HỆ THỐNG NHÚNG\r\n\r\n1\r\n\r\n\r\n\r\nNINH KHÁNH DUY\r\nTS., Giảng viên\r\nTrưởng Bộ môn Hệ thống Nhúng\r\nLý lịch khoa học\r\n\r\nĐiện thoại DĐ: 0935 043 201\r\nEmail: nkduy@dut.udn.vn\r\n\r\n \r\n\r\n2\r\n\r\n\r\n\r\nBÙI THỊ THANH THANH\r\nTS., Giảng viên\r\nLý lịch khoa học\r\n\r\nĐiện thoại DĐ: 0935 825 915\r\nEmail: bttthanh@dut.udn.vn\r\n\r\n \r\n\r\n3\r\n\r\n\r\n\r\nPHẠM CÔNG THẮNG\r\nTS., Giảng viên\r\nLý lịch khoa học\r\n\r\nĐiện thoại DĐ: 0905 983 126\r\nEmail: pcthang@dut.udn.vn\r\n\r\n \r\n\r\n4\r\n\r\n\r\n\r\nHUỲNH HỮU HƯNG\r\nTS., Giảng viên\r\nTrưởng phòng Công tác sinh viên\r\nLý lịch khoa học\r\n\r\nĐiện thoại DĐ: 0905 444 669\r\nEmail: hhhung@dut.udn.vn\r\n\r\n \r\n\r\n5\r\n\r\n\r\n\r\nHUỲNH TRUNG MẠNH\r\nThS.\r\nTrợ giảng\r\n\r\nĐiện thoại DĐ: 0947 727 847\r\nEmail: htmanh@gmail.com\r\n\r\n \r\n\r\nBỘ MÔN MẠNG MÁY TÍNH\r\n\r\n1\r\n\r\n\r\n\r\nPHẠM MINH TUẤN\r\nTS, Giảng viên chính\r\nLý lịch khoa học\r\n\r\nĐiện thoại DĐ: 0913 230 910\r\nEmail: pmtuan@dut.udn.vn\r\n\r\n \r\n\r\n2		NGUYỄN CÔNG DANH\r\nThS., Giảng viên tập sự\r\nLý lịch khoa học	Điện thoại DĐ: 0934.901.211\r\nEmail: ncdanh@dut.udn.vn	 \r\n3		LÊ TRẦN ĐỨC\r\nTS., Giảng viên\r\nLý lịch khoa học	Điện thoại DĐ: 0931 733 853\r\nEmail: letranduc@dut.udn.vn	 \r\n4\r\n\r\n\r\n\r\nMAI VĂN HÀ\r\nThS., Giảng viên\r\nLý lịch khoa học\r\n\r\nĐiện thoại NR: 0236 3731 152\r\nĐiện thoại DĐ: 0905 161 888\r\nEmail: mvha@dut.udn.vn\r\n\r\n \r\n\r\n5\r\n\r\n\r\n\r\nNGUYỄN TẤN KHÔI\r\nPGS. TS., Giảng viên cao cấp\r\nTrưởng khoa Khoa Công nghệ thông tin\r\nLý lịch khoa học\r\n\r\nĐiện thoại NR: 0236 3638 383\r\nĐiện thoại DĐ: 0903 511 888\r\nEmail: ntkhoi@dut.udn.vn\r\n\r\n \r\n\r\n6\r\n\r\n\r\n\r\nNGUYỄN THẾ XUÂN LY\r\nThS., Giảng viên\r\nLý lịch khoa học\r\n\r\nĐiện thoại NR: 0236 3821 621\r\nĐiện thoại DĐ: 0905 258 474\r\nEmail: ntxly@dut.udn.vn\r\n\r\n \r\n\r\n7		NGUYỄN VĂN NGUYÊN\r\nThS., Giảng viên thực hành\r\nLý lịch khoa học	Điện thoại NR: 0236 3771 986\r\nĐiện thoại DĐ: 0903 577 986\r\nEmail: nvnguyen@dut.udn.vn	 \r\n8\r\n\r\n\r\n\r\nNGUYỄN THỊ LỆ QUYÊN\r\nThS., Giảng viên\r\nLý lịch khoa học\r\n\r\nĐiện thoại DĐ: 0934 879 935\r\nEmail: ntlequyen@dut.udn.vn\r\n\r\n \r\n\r\n9\r\n\r\n\r\n\r\nĐẶNG DUY THẮNG\r\nThS, Giảng viên\r\nLý lịch khoa học\r\n\r\nĐiện thoại DĐ: 0983 414 363\r\nEmail: ddthang@dut.udn.vn\r\n\r\n \r\n\r\n10\r\n\r\n\r\n\r\nTRẦN HỒ THUỶ TIÊN\r\nThS, Giảng viên\r\nLý lịch khoa học\r\n\r\nĐiện thoại NR: 0236 3841 819\r\nĐiện thoại DĐ: 0983 461 008\r\nEmail: thttien@dut.udn.vn\r\n\r\n \r\n\r\nĐẠI HỌC ĐÀ NẴNG\r\n\r\n1\r\n\r\n\r\n\r\nNGUYỄN THANH BÌNH\r\nPGS. TS., Giảng viên cao cấp\r\nTrường Đại học Công nghệ thông tin và Truyền thông Việt-Hàn (VKU) - Đại học Đà Nẵng.\r\nLý lịch khoa học\r\n\r\nĐiện thoại DĐ: 0914 747 974\r\nEmail: ntbinh@vku.udn.vn\r\n\r\n \r\n\r\n2		TRỊNH CÔNG DUY\r\nTS., Giảng viên\r\nGi', 'tranductri2003', '2023-12-10', 26),
(6, 2, 'Thông tin tuyển sinh năm 2023', 'media/post/default.jpg', '1. Phương thức xét tuyển\r\n\r\nNăm 2023, Khoa CNTT sử dụng 5 phương thức xét tuyển:\r\n\r\na. Xét tuyển thẳng theo quy chế tuyển sinh của Bộ GD&ĐT.\r\n\r\nb. Xét tuyển theo quy định của Trường\r\n\r\nc. Xét tuyển theo điểm thi tốt nghiệp THPT 2023\r\n\r\nd. Xét tuyển theo kết quả thi đánh giá năng lực của ĐHQG-TpHCM\r\n\r\ne. Xét tuyển theo kết quả thi đánh giá tư duy của ĐH Bách khoa Hà Nội.\r\n\r\nKhoa CNTT không xét tuyển theo hình thức xét học bạ.', '1. Phương thức xét tuyển\r\n\r\nNăm 2023, Khoa CNTT sử dụng 5 phương thức xét tuyển:\r\n\r\na. Xét tuyển thẳng theo quy chế tuyển sinh của Bộ GD&ĐT.\r\n\r\nb. Xét tuyển theo quy định của Trường\r\n\r\nc. Xét tuyển theo điểm thi tốt nghiệp THPT 2023\r\n\r\nd. Xét tuyển theo kết quả thi đánh giá năng lực của ĐHQG-TpHCM\r\n\r\ne. Xét tuyển theo kết quả thi đánh giá tư duy của ĐH Bách khoa Hà Nội.\r\n\r\nKhoa CNTT không xét tuyển theo hình thức xét học bạ.\r\n\r\n2. Chỉ tiêu tuyển sinh và mã đăng ký xét tuyển\r\n\r\n\r\n\r\n3. Tổ hợp các môn xét tuyển\r\n\r\nTT\r\n\r\nTÊN NGÀNH\r\n\r\nMÃ ĐKXT\r\n\r\nTỔNG CHỈ TIÊU\r\n\r\nTỔ HỢP XÉT TUYỂN\r\n\r\n1\r\n\r\nCông nghệ thông tin (Đặc thù - Hợp tác doanh nghiệp)\r\n\r\n7480201\r\n\r\n210\r\n\r\nA00, A01\r\n\r\n2\r\n\r\nCông nghệ thông tin (ngoại ngữ Nhật)\r\n\r\n7480201A\r\n\r\n110\r\n\r\nA00, A01\r\n\r\n3\r\n\r\nCông nghệ thông tin (Đặc thù - Hợp tác doanh nghiệp), chuyên ngành Khoa học dữ liệu và Trí tuệ nhân tạo\r\n\r\n7480201B\r\n\r\n60\r\n\r\nA00, A01, D28\r\n\r\n \r\n\r\n4. Một số thông tin về các chuyên ngành đào tạo thuộc khoa CNTT\r\n\r\na. Chuyên ngành An toàn thông tin\r\n\r\nTrang bị kiến thức cơ bản và chuyên sâu về an toàn thông tin, đặc biệt là mạng máy tính, đáp ứng yêu cầu về nghiên cứu, ứng dụng trong lĩnh vực an toàn mạng máy tính; khả năng thiết kế, duy trì và quản lý an toàn cho các hệ thống mạng.\r\n\r\nHọc chuyên ngành An toàn thông tin có cơ hội việc làm: Chuyên gia quản trị an ninh mạng, cơ sở dữ liệu; phân tích, tư vấn, thiết kế hệ thống thông tin đảm bảo an toàn; Kiểm tra, đánh giá an toàn thông tin cho mạng và hệ thống; rà soát lỗ hổng, điểm yếu và xử lý sự cố an toàn thông tin; Chuyên gia lập trình và phát triển ứng dụng đảm bảo an toàn thông tin.   \r\n\r\nb. Chuyên ngành Công nghệ phần mềm\r\n\r\nHọc chuyên ngành CNPM có cơ hội học tập và thực hành phương pháp, kỹ thuật, công nghệ trong phân tích, thiết kế, phát triển, kiểm thử, bảo trì phần mềm, phát triển các phần mềm ứng dụng trong các lĩnh vực cụ thể theo các công nghệ và nền tảng mới.\r\n\r\nc. Chuyên ngành Khoa học dữ liệu và Trí tuệ nhân tạo\r\n\r\nSinh viên chuyên ngành Trí tuệ nhân tạo sẽ học tập và thức hành từ căn bản đến nâng cao trong lĩnh vực trí tuệ nhân tạo như hệ chuyên gia, tương tác người máy và ứng dụng trong các môi trường như hệ đa phương tiện; xử lý hình ảnh, âm thanh; phân tích dữ liệu lớn. Sinh viên tốt nghiệp chuyên ngành trí tuệ nhân tạo có cơ hội việc làm: Kỹ sư phát triển ứng dụng AI; Kỹ sư phát triển hệ thống tự động hóa, robot; Kiến trúc sư dữ liệu, chuyên viên phân tích dữ liệu; Nghiên cứu chuyên sâu về trí tuệ nhân tạo; Ứng dụng trí tuệ nhân tạo trong các tổ chức, doanh nghiệp...\r\n\r\nd. Chuyên ngành Hệ thống thông tin\r\n\r\nSinh viên được học sâu hơn về các hệ thống thông tin trong doanh nghiệp, tìm hiểm nghiệp vụ triển khai các hệ thống thông tin, đảm bảo hệ thống thông tin của doanh nghiệp hoạt động an toàn cũng như phát triển các ứng dụng cho các hệ thống của doanh nghiệp. Sinh viên tốt nghiệp chuyên ngành Hệ thống thông tin có cơ hội việc làm: Quản trị các hệ cơ sở dữ liệu; Chuyên viên phân tích, tư vấn, thiết kế hệ thống thông tin; Chuyên viên phát triển ứng dụng cho hệ thống thông tin; Chuyên viên triển khai, vận hành các hệ thống ERP, CRM...;\r\n\r\ne. Chuyên ngành Mạng và truyền thông\r\n\r\nSinh viên sau khi học chuyên ngành Mạng và Truyền thông có khả năng nghiên cứu, thiết kế và phát triển phần mềm ứng dụng, các dịch vụ trên mạng Internet, mạng truyền thông di động Triển khai các công nghệ mạng máy tính, các hệ thống truyền thông đa phương tiện. Thiết kế, vận hành và quản lý các hệ thống mạng và truyền thông máy tính. Xây dựng và triển khai các giải pháp an toàn hệ thống và bảo mật thông tin.\r\n\r\nf. Chuyên ngành Hệ thống nhúng\r\n\r\nTừ nền tảng của ngành CNTT, chuyên ngành HTN tiếp cận từ căn bản đến nghiên cứu sâu hơn về phần cứng và kết nối với các nền tảng di động, hệ thống thông tin. Chuyên ngành HTN giới thiệu về các ứng dụng cho dữ liệu lớn, điện toán đám mây. Sinh viên học chuyên ngành này có cơ hội thực hành phát triển và triển khai các ứng dụng về nhà thông minh (smart home), thành phố thông minh (smart city), dịch vụ sức khỏe, tài chính. Cơ hội việc làm: Phát triển ứng dụng IoT; Phát triển phần mềm, hệ thống nhúng; Tham gia các dự án tích hợp hệ thống thông minh từ đơn giản đến phức tạp.\r\n\r\n5. Vị trí việc làm:\r\n\r\nSau khi tốt nghiệp, các kỹ sư Công nghệ Thông tin có thể:\r\n\r\n          * Giảng dạy các kiến thức và kỹ thuật liên quan đến công nghệ thông tin tại các trường đại học, cao đẳng, trung học chuyên nghiệp, dạy nghề và các trường phổ thông.\r\n\r\n          * Nghiên cứu khoa học thuộc các lĩnh vực về công nghệ phần mềm, công nghệ mạng và các hệ thống nhúng ở các viện nghiên cứu, các trung tâm và cơ quan nghiên cứu của các Bộ, ngành, các trường Đại học và Cao đẳng.\r\n\r\n          * Làm việc ở bộ phận công nghệ thông tin hoặc cần ứng dụng công nghệ thông tin của tất cả các đơn vị có nhu cầu (hành chính sự nghiệp, ngân hàng, viễn thông, hàng không, xây dựng…).\r\n\r\n          * Làm việc trong các công ty sản xuất, gia công phần mềm trong và ngoà', 'tranductri2003', '2023-12-10', 12),
(7, 3, 'Đào tạo', 'media/post/default.jpg', 'Đào tạo', 'Đào tạo', 'phamnguyenanhphat2003', '2023-12-10', 12),
(8, 3, 'Đào tạo', 'media/post/default.jpg', 'Đào tạo', 'Đào tạo', 'tranductri2003', '2023-12-10', 12),
(9, 3, 'Đào tạo', 'media/post/default.jpg', 'Đào tạo', 'Đào tạo', 'tranductri2003', '2023-12-10', 12),
(10, 3, 'Đào tạo', 'media/post/default.jpg', 'Đào tạo', 'Đào tạo', 'tranductri2003', '2023-12-10', 12),
(11, 2, 'Thông tin tuyển sinh năm 2023', 'media/post/default.jpg', '1. Phương thức xét tuyển\r\n\r\nNăm 2023, Khoa CNTT sử dụng 5 phương thức xét tuyển:\r\n\r\na. Xét tuyển thẳng theo quy chế tuyển sinh của Bộ GD&ĐT.\r\n\r\nb. Xét tuyển theo quy định của Trường\r\n\r\nc. Xét tuyển theo điểm thi tốt nghiệp THPT 2023\r\n\r\nd. Xét tuyển theo kết quả thi đánh giá năng lực của ĐHQG-TpHCM\r\n\r\ne. Xét tuyển theo kết quả thi đánh giá tư duy của ĐH Bách khoa Hà Nội.\r\n\r\nKhoa CNTT không xét tuyển theo hình thức xét học bạ.', '1. Phương thức xét tuyển\r\n\r\nNăm 2023, Khoa CNTT sử dụng 5 phương thức xét tuyển:\r\n\r\na. Xét tuyển thẳng theo quy chế tuyển sinh của Bộ GD&ĐT.\r\n\r\nb. Xét tuyển theo quy định của Trường\r\n\r\nc. Xét tuyển theo điểm thi tốt nghiệp THPT 2023\r\n\r\nd. Xét tuyển theo kết quả thi đánh giá năng lực của ĐHQG-TpHCM\r\n\r\ne. Xét tuyển theo kết quả thi đánh giá tư duy của ĐH Bách khoa Hà Nội.\r\n\r\nKhoa CNTT không xét tuyển theo hình thức xét học bạ.\r\n\r\n2. Chỉ tiêu tuyển sinh và mã đăng ký xét tuyển\r\n\r\n\r\n\r\n3. Tổ hợp các môn xét tuyển\r\n\r\nTT\r\n\r\nTÊN NGÀNH\r\n\r\nMÃ ĐKXT\r\n\r\nTỔNG CHỈ TIÊU\r\n\r\nTỔ HỢP XÉT TUYỂN\r\n\r\n1\r\n\r\nCông nghệ thông tin (Đặc thù - Hợp tác doanh nghiệp)\r\n\r\n7480201\r\n\r\n210\r\n\r\nA00, A01\r\n\r\n2\r\n\r\nCông nghệ thông tin (ngoại ngữ Nhật)\r\n\r\n7480201A\r\n\r\n110\r\n\r\nA00, A01\r\n\r\n3\r\n\r\nCông nghệ thông tin (Đặc thù - Hợp tác doanh nghiệp), chuyên ngành Khoa học dữ liệu và Trí tuệ nhân tạo\r\n\r\n7480201B\r\n\r\n60\r\n\r\nA00, A01, D28\r\n\r\n \r\n\r\n4. Một số thông tin về các chuyên ngành đào tạo thuộc khoa CNTT\r\n\r\na. Chuyên ngành An toàn thông tin\r\n\r\nTrang bị kiến thức cơ bản và chuyên sâu về an toàn thông tin, đặc biệt là mạng máy tính, đáp ứng yêu cầu về nghiên cứu, ứng dụng trong lĩnh vực an toàn mạng máy tính; khả năng thiết kế, duy trì và quản lý an toàn cho các hệ thống mạng.\r\n\r\nHọc chuyên ngành An toàn thông tin có cơ hội việc làm: Chuyên gia quản trị an ninh mạng, cơ sở dữ liệu; phân tích, tư vấn, thiết kế hệ thống thông tin đảm bảo an toàn; Kiểm tra, đánh giá an toàn thông tin cho mạng và hệ thống; rà soát lỗ hổng, điểm yếu và xử lý sự cố an toàn thông tin; Chuyên gia lập trình và phát triển ứng dụng đảm bảo an toàn thông tin.   \r\n\r\nb. Chuyên ngành Công nghệ phần mềm\r\n\r\nHọc chuyên ngành CNPM có cơ hội học tập và thực hành phương pháp, kỹ thuật, công nghệ trong phân tích, thiết kế, phát triển, kiểm thử, bảo trì phần mềm, phát triển các phần mềm ứng dụng trong các lĩnh vực cụ thể theo các công nghệ và nền tảng mới.\r\n\r\nc. Chuyên ngành Khoa học dữ liệu và Trí tuệ nhân tạo\r\n\r\nSinh viên chuyên ngành Trí tuệ nhân tạo sẽ học tập và thức hành từ căn bản đến nâng cao trong lĩnh vực trí tuệ nhân tạo như hệ chuyên gia, tương tác người máy và ứng dụng trong các môi trường như hệ đa phương tiện; xử lý hình ảnh, âm thanh; phân tích dữ liệu lớn. Sinh viên tốt nghiệp chuyên ngành trí tuệ nhân tạo có cơ hội việc làm: Kỹ sư phát triển ứng dụng AI; Kỹ sư phát triển hệ thống tự động hóa, robot; Kiến trúc sư dữ liệu, chuyên viên phân tích dữ liệu; Nghiên cứu chuyên sâu về trí tuệ nhân tạo; Ứng dụng trí tuệ nhân tạo trong các tổ chức, doanh nghiệp...\r\n\r\nd. Chuyên ngành Hệ thống thông tin\r\n\r\nSinh viên được học sâu hơn về các hệ thống thông tin trong doanh nghiệp, tìm hiểm nghiệp vụ triển khai các hệ thống thông tin, đảm bảo hệ thống thông tin của doanh nghiệp hoạt động an toàn cũng như phát triển các ứng dụng cho các hệ thống của doanh nghiệp. Sinh viên tốt nghiệp chuyên ngành Hệ thống thông tin có cơ hội việc làm: Quản trị các hệ cơ sở dữ liệu; Chuyên viên phân tích, tư vấn, thiết kế hệ thống thông tin; Chuyên viên phát triển ứng dụng cho hệ thống thông tin; Chuyên viên triển khai, vận hành các hệ thống ERP, CRM...;\r\n\r\ne. Chuyên ngành Mạng và truyền thông\r\n\r\nSinh viên sau khi học chuyên ngành Mạng và Truyền thông có khả năng nghiên cứu, thiết kế và phát triển phần mềm ứng dụng, các dịch vụ trên mạng Internet, mạng truyền thông di động Triển khai các công nghệ mạng máy tính, các hệ thống truyền thông đa phương tiện. Thiết kế, vận hành và quản lý các hệ thống mạng và truyền thông máy tính. Xây dựng và triển khai các giải pháp an toàn hệ thống và bảo mật thông tin.\r\n\r\nf. Chuyên ngành Hệ thống nhúng\r\n\r\nTừ nền tảng của ngành CNTT, chuyên ngành HTN tiếp cận từ căn bản đến nghiên cứu sâu hơn về phần cứng và kết nối với các nền tảng di động, hệ thống thông tin. Chuyên ngành HTN giới thiệu về các ứng dụng cho dữ liệu lớn, điện toán đám mây. Sinh viên học chuyên ngành này có cơ hội thực hành phát triển và triển khai các ứng dụng về nhà thông minh (smart home), thành phố thông minh (smart city), dịch vụ sức khỏe, tài chính. Cơ hội việc làm: Phát triển ứng dụng IoT; Phát triển phần mềm, hệ thống nhúng; Tham gia các dự án tích hợp hệ thống thông minh từ đơn giản đến phức tạp.\r\n\r\n5. Vị trí việc làm:\r\n\r\nSau khi tốt nghiệp, các kỹ sư Công nghệ Thông tin có thể:\r\n\r\n          * Giảng dạy các kiến thức và kỹ thuật liên quan đến công nghệ thông tin tại các trường đại học, cao đẳng, trung học chuyên nghiệp, dạy nghề và các trường phổ thông.\r\n\r\n          * Nghiên cứu khoa học thuộc các lĩnh vực về công nghệ phần mềm, công nghệ mạng và các hệ thống nhúng ở các viện nghiên cứu, các trung tâm và cơ quan nghiên cứu của các Bộ, ngành, các trường Đại học và Cao đẳng.\r\n\r\n          * Làm việc ở bộ phận công nghệ thông tin hoặc cần ứng dụng công nghệ thông tin của tất cả các đơn vị có nhu cầu (hành chính sự nghiệp, ngân hàng, viễn thông, hàng không, xây dựng…).\r\n\r\n          * Làm việc trong các công ty sản xuất, gia công phần mềm trong và ngoà', 'tranductri2003', '2023-12-10', 12),
(12, 2, 'Thông tin tuyển sinh năm 2023', 'media/post/default.jpg', '1. Phương thức xét tuyển\r\n\r\nNăm 2023, Khoa CNTT sử dụng 5 phương thức xét tuyển:\r\n\r\na. Xét tuyển thẳng theo quy chế tuyển sinh của Bộ GD&ĐT.\r\n\r\nb. Xét tuyển theo quy định của Trường\r\n\r\nc. Xét tuyển theo điểm thi tốt nghiệp THPT 2023\r\n\r\nd. Xét tuyển theo kết quả thi đánh giá năng lực của ĐHQG-TpHCM\r\n\r\ne. Xét tuyển theo kết quả thi đánh giá tư duy của ĐH Bách khoa Hà Nội.\r\n\r\nKhoa CNTT không xét tuyển theo hình thức xét học bạ.', '1. Phương thức xét tuyển\r\n\r\nNăm 2023, Khoa CNTT sử dụng 5 phương thức xét tuyển:\r\n\r\na. Xét tuyển thẳng theo quy chế tuyển sinh của Bộ GD&ĐT.\r\n\r\nb. Xét tuyển theo quy định của Trường\r\n\r\nc. Xét tuyển theo điểm thi tốt nghiệp THPT 2023\r\n\r\nd. Xét tuyển theo kết quả thi đánh giá năng lực của ĐHQG-TpHCM\r\n\r\ne. Xét tuyển theo kết quả thi đánh giá tư duy của ĐH Bách khoa Hà Nội.\r\n\r\nKhoa CNTT không xét tuyển theo hình thức xét học bạ.\r\n\r\n2. Chỉ tiêu tuyển sinh và mã đăng ký xét tuyển\r\n\r\n\r\n\r\n3. Tổ hợp các môn xét tuyển\r\n\r\nTT\r\n\r\nTÊN NGÀNH\r\n\r\nMÃ ĐKXT\r\n\r\nTỔNG CHỈ TIÊU\r\n\r\nTỔ HỢP XÉT TUYỂN\r\n\r\n1\r\n\r\nCông nghệ thông tin (Đặc thù - Hợp tác doanh nghiệp)\r\n\r\n7480201\r\n\r\n210\r\n\r\nA00, A01\r\n\r\n2\r\n\r\nCông nghệ thông tin (ngoại ngữ Nhật)\r\n\r\n7480201A\r\n\r\n110\r\n\r\nA00, A01\r\n\r\n3\r\n\r\nCông nghệ thông tin (Đặc thù - Hợp tác doanh nghiệp), chuyên ngành Khoa học dữ liệu và Trí tuệ nhân tạo\r\n\r\n7480201B\r\n\r\n60\r\n\r\nA00, A01, D28\r\n\r\n \r\n\r\n4. Một số thông tin về các chuyên ngành đào tạo thuộc khoa CNTT\r\n\r\na. Chuyên ngành An toàn thông tin\r\n\r\nTrang bị kiến thức cơ bản và chuyên sâu về an toàn thông tin, đặc biệt là mạng máy tính, đáp ứng yêu cầu về nghiên cứu, ứng dụng trong lĩnh vực an toàn mạng máy tính; khả năng thiết kế, duy trì và quản lý an toàn cho các hệ thống mạng.\r\n\r\nHọc chuyên ngành An toàn thông tin có cơ hội việc làm: Chuyên gia quản trị an ninh mạng, cơ sở dữ liệu; phân tích, tư vấn, thiết kế hệ thống thông tin đảm bảo an toàn; Kiểm tra, đánh giá an toàn thông tin cho mạng và hệ thống; rà soát lỗ hổng, điểm yếu và xử lý sự cố an toàn thông tin; Chuyên gia lập trình và phát triển ứng dụng đảm bảo an toàn thông tin.   \r\n\r\nb. Chuyên ngành Công nghệ phần mềm\r\n\r\nHọc chuyên ngành CNPM có cơ hội học tập và thực hành phương pháp, kỹ thuật, công nghệ trong phân tích, thiết kế, phát triển, kiểm thử, bảo trì phần mềm, phát triển các phần mềm ứng dụng trong các lĩnh vực cụ thể theo các công nghệ và nền tảng mới.\r\n\r\nc. Chuyên ngành Khoa học dữ liệu và Trí tuệ nhân tạo\r\n\r\nSinh viên chuyên ngành Trí tuệ nhân tạo sẽ học tập và thức hành từ căn bản đến nâng cao trong lĩnh vực trí tuệ nhân tạo như hệ chuyên gia, tương tác người máy và ứng dụng trong các môi trường như hệ đa phương tiện; xử lý hình ảnh, âm thanh; phân tích dữ liệu lớn. Sinh viên tốt nghiệp chuyên ngành trí tuệ nhân tạo có cơ hội việc làm: Kỹ sư phát triển ứng dụng AI; Kỹ sư phát triển hệ thống tự động hóa, robot; Kiến trúc sư dữ liệu, chuyên viên phân tích dữ liệu; Nghiên cứu chuyên sâu về trí tuệ nhân tạo; Ứng dụng trí tuệ nhân tạo trong các tổ chức, doanh nghiệp...\r\n\r\nd. Chuyên ngành Hệ thống thông tin\r\n\r\nSinh viên được học sâu hơn về các hệ thống thông tin trong doanh nghiệp, tìm hiểm nghiệp vụ triển khai các hệ thống thông tin, đảm bảo hệ thống thông tin của doanh nghiệp hoạt động an toàn cũng như phát triển các ứng dụng cho các hệ thống của doanh nghiệp. Sinh viên tốt nghiệp chuyên ngành Hệ thống thông tin có cơ hội việc làm: Quản trị các hệ cơ sở dữ liệu; Chuyên viên phân tích, tư vấn, thiết kế hệ thống thông tin; Chuyên viên phát triển ứng dụng cho hệ thống thông tin; Chuyên viên triển khai, vận hành các hệ thống ERP, CRM...;\r\n\r\ne. Chuyên ngành Mạng và truyền thông\r\n\r\nSinh viên sau khi học chuyên ngành Mạng và Truyền thông có khả năng nghiên cứu, thiết kế và phát triển phần mềm ứng dụng, các dịch vụ trên mạng Internet, mạng truyền thông di động Triển khai các công nghệ mạng máy tính, các hệ thống truyền thông đa phương tiện. Thiết kế, vận hành và quản lý các hệ thống mạng và truyền thông máy tính. Xây dựng và triển khai các giải pháp an toàn hệ thống và bảo mật thông tin.\r\n\r\nf. Chuyên ngành Hệ thống nhúng\r\n\r\nTừ nền tảng của ngành CNTT, chuyên ngành HTN tiếp cận từ căn bản đến nghiên cứu sâu hơn về phần cứng và kết nối với các nền tảng di động, hệ thống thông tin. Chuyên ngành HTN giới thiệu về các ứng dụng cho dữ liệu lớn, điện toán đám mây. Sinh viên học chuyên ngành này có cơ hội thực hành phát triển và triển khai các ứng dụng về nhà thông minh (smart home), thành phố thông minh (smart city), dịch vụ sức khỏe, tài chính. Cơ hội việc làm: Phát triển ứng dụng IoT; Phát triển phần mềm, hệ thống nhúng; Tham gia các dự án tích hợp hệ thống thông minh từ đơn giản đến phức tạp.\r\n\r\n5. Vị trí việc làm:\r\n\r\nSau khi tốt nghiệp, các kỹ sư Công nghệ Thông tin có thể:\r\n\r\n          * Giảng dạy các kiến thức và kỹ thuật liên quan đến công nghệ thông tin tại các trường đại học, cao đẳng, trung học chuyên nghiệp, dạy nghề và các trường phổ thông.\r\n\r\n          * Nghiên cứu khoa học thuộc các lĩnh vực về công nghệ phần mềm, công nghệ mạng và các hệ thống nhúng ở các viện nghiên cứu, các trung tâm và cơ quan nghiên cứu của các Bộ, ngành, các trường Đại học và Cao đẳng.\r\n\r\n          * Làm việc ở bộ phận công nghệ thông tin hoặc cần ứng dụng công nghệ thông tin của tất cả các đơn vị có nhu cầu (hành chính sự nghiệp, ngân hàng, viễn thông, hàng không, xây dựng…).\r\n\r\n          * Làm việc trong các công ty sản xuất, gia công phần mềm trong và ngoà', 'tranductri2003', '2023-12-10', 12),
(13, 2, 'Thông tin tuyển sinh năm 2023', 'media/post/default.jpg', '1. Phương thức xét tuyển\r\n\r\nNăm 2023, Khoa CNTT sử dụng 5 phương thức xét tuyển:\r\n\r\na. Xét tuyển thẳng theo quy chế tuyển sinh của Bộ GD&ĐT.\r\n\r\nb. Xét tuyển theo quy định của Trường\r\n\r\nc. Xét tuyển theo điểm thi tốt nghiệp THPT 2023\r\n\r\nd. Xét tuyển theo kết quả thi đánh giá năng lực của ĐHQG-TpHCM\r\n\r\ne. Xét tuyển theo kết quả thi đánh giá tư duy của ĐH Bách khoa Hà Nội.\r\n\r\nKhoa CNTT không xét tuyển theo hình thức xét học bạ.', '1. Phương thức xét tuyển\r\n\r\nNăm 2023, Khoa CNTT sử dụng 5 phương thức xét tuyển:\r\n\r\na. Xét tuyển thẳng theo quy chế tuyển sinh của Bộ GD&ĐT.\r\n\r\nb. Xét tuyển theo quy định của Trường\r\n\r\nc. Xét tuyển theo điểm thi tốt nghiệp THPT 2023\r\n\r\nd. Xét tuyển theo kết quả thi đánh giá năng lực của ĐHQG-TpHCM\r\n\r\ne. Xét tuyển theo kết quả thi đánh giá tư duy của ĐH Bách khoa Hà Nội.\r\n\r\nKhoa CNTT không xét tuyển theo hình thức xét học bạ.\r\n\r\n2. Chỉ tiêu tuyển sinh và mã đăng ký xét tuyển\r\n\r\n\r\n\r\n3. Tổ hợp các môn xét tuyển\r\n\r\nTT\r\n\r\nTÊN NGÀNH\r\n\r\nMÃ ĐKXT\r\n\r\nTỔNG CHỈ TIÊU\r\n\r\nTỔ HỢP XÉT TUYỂN\r\n\r\n1\r\n\r\nCông nghệ thông tin (Đặc thù - Hợp tác doanh nghiệp)\r\n\r\n7480201\r\n\r\n210\r\n\r\nA00, A01\r\n\r\n2\r\n\r\nCông nghệ thông tin (ngoại ngữ Nhật)\r\n\r\n7480201A\r\n\r\n110\r\n\r\nA00, A01\r\n\r\n3\r\n\r\nCông nghệ thông tin (Đặc thù - Hợp tác doanh nghiệp), chuyên ngành Khoa học dữ liệu và Trí tuệ nhân tạo\r\n\r\n7480201B\r\n\r\n60\r\n\r\nA00, A01, D28\r\n\r\n \r\n\r\n4. Một số thông tin về các chuyên ngành đào tạo thuộc khoa CNTT\r\n\r\na. Chuyên ngành An toàn thông tin\r\n\r\nTrang bị kiến thức cơ bản và chuyên sâu về an toàn thông tin, đặc biệt là mạng máy tính, đáp ứng yêu cầu về nghiên cứu, ứng dụng trong lĩnh vực an toàn mạng máy tính; khả năng thiết kế, duy trì và quản lý an toàn cho các hệ thống mạng.\r\n\r\nHọc chuyên ngành An toàn thông tin có cơ hội việc làm: Chuyên gia quản trị an ninh mạng, cơ sở dữ liệu; phân tích, tư vấn, thiết kế hệ thống thông tin đảm bảo an toàn; Kiểm tra, đánh giá an toàn thông tin cho mạng và hệ thống; rà soát lỗ hổng, điểm yếu và xử lý sự cố an toàn thông tin; Chuyên gia lập trình và phát triển ứng dụng đảm bảo an toàn thông tin.   \r\n\r\nb. Chuyên ngành Công nghệ phần mềm\r\n\r\nHọc chuyên ngành CNPM có cơ hội học tập và thực hành phương pháp, kỹ thuật, công nghệ trong phân tích, thiết kế, phát triển, kiểm thử, bảo trì phần mềm, phát triển các phần mềm ứng dụng trong các lĩnh vực cụ thể theo các công nghệ và nền tảng mới.\r\n\r\nc. Chuyên ngành Khoa học dữ liệu và Trí tuệ nhân tạo\r\n\r\nSinh viên chuyên ngành Trí tuệ nhân tạo sẽ học tập và thức hành từ căn bản đến nâng cao trong lĩnh vực trí tuệ nhân tạo như hệ chuyên gia, tương tác người máy và ứng dụng trong các môi trường như hệ đa phương tiện; xử lý hình ảnh, âm thanh; phân tích dữ liệu lớn. Sinh viên tốt nghiệp chuyên ngành trí tuệ nhân tạo có cơ hội việc làm: Kỹ sư phát triển ứng dụng AI; Kỹ sư phát triển hệ thống tự động hóa, robot; Kiến trúc sư dữ liệu, chuyên viên phân tích dữ liệu; Nghiên cứu chuyên sâu về trí tuệ nhân tạo; Ứng dụng trí tuệ nhân tạo trong các tổ chức, doanh nghiệp...\r\n\r\nd. Chuyên ngành Hệ thống thông tin\r\n\r\nSinh viên được học sâu hơn về các hệ thống thông tin trong doanh nghiệp, tìm hiểm nghiệp vụ triển khai các hệ thống thông tin, đảm bảo hệ thống thông tin của doanh nghiệp hoạt động an toàn cũng như phát triển các ứng dụng cho các hệ thống của doanh nghiệp. Sinh viên tốt nghiệp chuyên ngành Hệ thống thông tin có cơ hội việc làm: Quản trị các hệ cơ sở dữ liệu; Chuyên viên phân tích, tư vấn, thiết kế hệ thống thông tin; Chuyên viên phát triển ứng dụng cho hệ thống thông tin; Chuyên viên triển khai, vận hành các hệ thống ERP, CRM...;\r\n\r\ne. Chuyên ngành Mạng và truyền thông\r\n\r\nSinh viên sau khi học chuyên ngành Mạng và Truyền thông có khả năng nghiên cứu, thiết kế và phát triển phần mềm ứng dụng, các dịch vụ trên mạng Internet, mạng truyền thông di động Triển khai các công nghệ mạng máy tính, các hệ thống truyền thông đa phương tiện. Thiết kế, vận hành và quản lý các hệ thống mạng và truyền thông máy tính. Xây dựng và triển khai các giải pháp an toàn hệ thống và bảo mật thông tin.\r\n\r\nf. Chuyên ngành Hệ thống nhúng\r\n\r\nTừ nền tảng của ngành CNTT, chuyên ngành HTN tiếp cận từ căn bản đến nghiên cứu sâu hơn về phần cứng và kết nối với các nền tảng di động, hệ thống thông tin. Chuyên ngành HTN giới thiệu về các ứng dụng cho dữ liệu lớn, điện toán đám mây. Sinh viên học chuyên ngành này có cơ hội thực hành phát triển và triển khai các ứng dụng về nhà thông minh (smart home), thành phố thông minh (smart city), dịch vụ sức khỏe, tài chính. Cơ hội việc làm: Phát triển ứng dụng IoT; Phát triển phần mềm, hệ thống nhúng; Tham gia các dự án tích hợp hệ thống thông minh từ đơn giản đến phức tạp.\r\n\r\n5. Vị trí việc làm:\r\n\r\nSau khi tốt nghiệp, các kỹ sư Công nghệ Thông tin có thể:\r\n\r\n          * Giảng dạy các kiến thức và kỹ thuật liên quan đến công nghệ thông tin tại các trường đại học, cao đẳng, trung học chuyên nghiệp, dạy nghề và các trường phổ thông.\r\n\r\n          * Nghiên cứu khoa học thuộc các lĩnh vực về công nghệ phần mềm, công nghệ mạng và các hệ thống nhúng ở các viện nghiên cứu, các trung tâm và cơ quan nghiên cứu của các Bộ, ngành, các trường Đại học và Cao đẳng.\r\n\r\n          * Làm việc ở bộ phận công nghệ thông tin hoặc cần ứng dụng công nghệ thông tin của tất cả các đơn vị có nhu cầu (hành chính sự nghiệp, ngân hàng, viễn thông, hàng không, xây dựng…).\r\n\r\n          * Làm việc trong các công ty sản xuất, gia công phần mềm trong và ngoà', 'tranductri2003', '2023-12-10', 12),
(14, 2, 'Thông tin tuyển sinh năm 2023', 'media/post/default.jpg', '1. Phương thức xét tuyển\r\n\r\nNăm 2023, Khoa CNTT sử dụng 5 phương thức xét tuyển:\r\n\r\na. Xét tuyển thẳng theo quy chế tuyển sinh của Bộ GD&ĐT.\r\n\r\nb. Xét tuyển theo quy định của Trường\r\n\r\nc. Xét tuyển theo điểm thi tốt nghiệp THPT 2023\r\n\r\nd. Xét tuyển theo kết quả thi đánh giá năng lực của ĐHQG-TpHCM\r\n\r\ne. Xét tuyển theo kết quả thi đánh giá tư duy của ĐH Bách khoa Hà Nội.\r\n\r\nKhoa CNTT không xét tuyển theo hình thức xét học bạ.', '1. Phương thức xét tuyển\r\n\r\nNăm 2023, Khoa CNTT sử dụng 5 phương thức xét tuyển:\r\n\r\na. Xét tuyển thẳng theo quy chế tuyển sinh của Bộ GD&ĐT.\r\n\r\nb. Xét tuyển theo quy định của Trường\r\n\r\nc. Xét tuyển theo điểm thi tốt nghiệp THPT 2023\r\n\r\nd. Xét tuyển theo kết quả thi đánh giá năng lực của ĐHQG-TpHCM\r\n\r\ne. Xét tuyển theo kết quả thi đánh giá tư duy của ĐH Bách khoa Hà Nội.\r\n\r\nKhoa CNTT không xét tuyển theo hình thức xét học bạ.\r\n\r\n2. Chỉ tiêu tuyển sinh và mã đăng ký xét tuyển\r\n\r\n\r\n\r\n3. Tổ hợp các môn xét tuyển\r\n\r\nTT\r\n\r\nTÊN NGÀNH\r\n\r\nMÃ ĐKXT\r\n\r\nTỔNG CHỈ TIÊU\r\n\r\nTỔ HỢP XÉT TUYỂN\r\n\r\n1\r\n\r\nCông nghệ thông tin (Đặc thù - Hợp tác doanh nghiệp)\r\n\r\n7480201\r\n\r\n210\r\n\r\nA00, A01\r\n\r\n2\r\n\r\nCông nghệ thông tin (ngoại ngữ Nhật)\r\n\r\n7480201A\r\n\r\n110\r\n\r\nA00, A01\r\n\r\n3\r\n\r\nCông nghệ thông tin (Đặc thù - Hợp tác doanh nghiệp), chuyên ngành Khoa học dữ liệu và Trí tuệ nhân tạo\r\n\r\n7480201B\r\n\r\n60\r\n\r\nA00, A01, D28\r\n\r\n \r\n\r\n4. Một số thông tin về các chuyên ngành đào tạo thuộc khoa CNTT\r\n\r\na. Chuyên ngành An toàn thông tin\r\n\r\nTrang bị kiến thức cơ bản và chuyên sâu về an toàn thông tin, đặc biệt là mạng máy tính, đáp ứng yêu cầu về nghiên cứu, ứng dụng trong lĩnh vực an toàn mạng máy tính; khả năng thiết kế, duy trì và quản lý an toàn cho các hệ thống mạng.\r\n\r\nHọc chuyên ngành An toàn thông tin có cơ hội việc làm: Chuyên gia quản trị an ninh mạng, cơ sở dữ liệu; phân tích, tư vấn, thiết kế hệ thống thông tin đảm bảo an toàn; Kiểm tra, đánh giá an toàn thông tin cho mạng và hệ thống; rà soát lỗ hổng, điểm yếu và xử lý sự cố an toàn thông tin; Chuyên gia lập trình và phát triển ứng dụng đảm bảo an toàn thông tin.   \r\n\r\nb. Chuyên ngành Công nghệ phần mềm\r\n\r\nHọc chuyên ngành CNPM có cơ hội học tập và thực hành phương pháp, kỹ thuật, công nghệ trong phân tích, thiết kế, phát triển, kiểm thử, bảo trì phần mềm, phát triển các phần mềm ứng dụng trong các lĩnh vực cụ thể theo các công nghệ và nền tảng mới.\r\n\r\nc. Chuyên ngành Khoa học dữ liệu và Trí tuệ nhân tạo\r\n\r\nSinh viên chuyên ngành Trí tuệ nhân tạo sẽ học tập và thức hành từ căn bản đến nâng cao trong lĩnh vực trí tuệ nhân tạo như hệ chuyên gia, tương tác người máy và ứng dụng trong các môi trường như hệ đa phương tiện; xử lý hình ảnh, âm thanh; phân tích dữ liệu lớn. Sinh viên tốt nghiệp chuyên ngành trí tuệ nhân tạo có cơ hội việc làm: Kỹ sư phát triển ứng dụng AI; Kỹ sư phát triển hệ thống tự động hóa, robot; Kiến trúc sư dữ liệu, chuyên viên phân tích dữ liệu; Nghiên cứu chuyên sâu về trí tuệ nhân tạo; Ứng dụng trí tuệ nhân tạo trong các tổ chức, doanh nghiệp...\r\n\r\nd. Chuyên ngành Hệ thống thông tin\r\n\r\nSinh viên được học sâu hơn về các hệ thống thông tin trong doanh nghiệp, tìm hiểm nghiệp vụ triển khai các hệ thống thông tin, đảm bảo hệ thống thông tin của doanh nghiệp hoạt động an toàn cũng như phát triển các ứng dụng cho các hệ thống của doanh nghiệp. Sinh viên tốt nghiệp chuyên ngành Hệ thống thông tin có cơ hội việc làm: Quản trị các hệ cơ sở dữ liệu; Chuyên viên phân tích, tư vấn, thiết kế hệ thống thông tin; Chuyên viên phát triển ứng dụng cho hệ thống thông tin; Chuyên viên triển khai, vận hành các hệ thống ERP, CRM...;\r\n\r\ne. Chuyên ngành Mạng và truyền thông\r\n\r\nSinh viên sau khi học chuyên ngành Mạng và Truyền thông có khả năng nghiên cứu, thiết kế và phát triển phần mềm ứng dụng, các dịch vụ trên mạng Internet, mạng truyền thông di động Triển khai các công nghệ mạng máy tính, các hệ thống truyền thông đa phương tiện. Thiết kế, vận hành và quản lý các hệ thống mạng và truyền thông máy tính. Xây dựng và triển khai các giải pháp an toàn hệ thống và bảo mật thông tin.\r\n\r\nf. Chuyên ngành Hệ thống nhúng\r\n\r\nTừ nền tảng của ngành CNTT, chuyên ngành HTN tiếp cận từ căn bản đến nghiên cứu sâu hơn về phần cứng và kết nối với các nền tảng di động, hệ thống thông tin. Chuyên ngành HTN giới thiệu về các ứng dụng cho dữ liệu lớn, điện toán đám mây. Sinh viên học chuyên ngành này có cơ hội thực hành phát triển và triển khai các ứng dụng về nhà thông minh (smart home), thành phố thông minh (smart city), dịch vụ sức khỏe, tài chính. Cơ hội việc làm: Phát triển ứng dụng IoT; Phát triển phần mềm, hệ thống nhúng; Tham gia các dự án tích hợp hệ thống thông minh từ đơn giản đến phức tạp.\r\n\r\n5. Vị trí việc làm:\r\n\r\nSau khi tốt nghiệp, các kỹ sư Công nghệ Thông tin có thể:\r\n\r\n          * Giảng dạy các kiến thức và kỹ thuật liên quan đến công nghệ thông tin tại các trường đại học, cao đẳng, trung học chuyên nghiệp, dạy nghề và các trường phổ thông.\r\n\r\n          * Nghiên cứu khoa học thuộc các lĩnh vực về công nghệ phần mềm, công nghệ mạng và các hệ thống nhúng ở các viện nghiên cứu, các trung tâm và cơ quan nghiên cứu của các Bộ, ngành, các trường Đại học và Cao đẳng.\r\n\r\n          * Làm việc ở bộ phận công nghệ thông tin hoặc cần ứng dụng công nghệ thông tin của tất cả các đơn vị có nhu cầu (hành chính sự nghiệp, ngân hàng, viễn thông, hàng không, xây dựng…).\r\n\r\n          * Làm việc trong các công ty sản xuất, gia công phần mềm trong và ngoà', 'tranductri2003', '2023-12-10', 50),
(15, 3, 'Đào tạo', 'media/post/default.jpg', 'Đào tạo', 'Đào tạo', 'tranductri2003', '2023-12-10', 20);
INSERT INTO `post` (`id`, `category`, `title`, `image`, `excerpt`, `content`, `author`, `date`, `num_views`) VALUES
(16, 4, 'Bài báo khoa học', 'media/post/default.jpg', 'Bài báo khoa học', 'STT	BÀI BÁO	NĂM XUẤT BẢN\r\n1	An English-Vietnamese Translation System Using Artificial Intelligence Approach . Nguyen Van Binh, Huynh Cong Phap, Springer\'s Lecture Notes in Artificial Intelligence LNCS/LNAI Series (indexed by ISI, EI, DBLP, Inspec, Scopus, etc.), ACIIDS 2018, 10	2018\r\n2	Collaborative filtering recommendation with threshold value of the equipotential plane in implication field . Nguyen Tan Hoang, Huynh Huu Hung, Huynh Xuan Hiep, The 2nd International Conference on Machine Learning and Soft Computing (ICMLSC), 1, accepted	2018\r\n3	Item-based collaborative filtering in the multi-criteria recommender system with ordered weighted averaging operator on sparse datasets . Tri Minh Huynh, Vu The Tran, Hung Huu Huynh, Hiep Xuan Huynh, The International Conference on Information and Communication Technology and Digital Convergence Business (ICIDB-2018), 1, accepted	2018\r\n4	Matching-based depth camera and mirrors for 3D reconstruction . Trong Nguyen Nguyen, Huu Hung Huynh, Jean Meunier, Three-Dimensional Imaging, Visualization, and Display 2018, 1, accepted	2018\r\n5	Assessment of gait normality using a depth camera and mirrors . Trong Nguyen Nguyen, Huu Hung Huynh, Jean Meunier, 2018 IEEE International Conference on Biomedical and Health Informatics, 1, accepted	2018\r\n6	Solution for Ordered Weighted Averaging Operator for Making in The Interaction Multi-Criteria Decision in User-Based Collaborative Filtering Recommender System . Tri Minh Huynh, Vu The Tran, Hung Huu Huynh, Hiep Xuan Huynh, International Journal of Machine Learning and Computing (IJMLC), 1, accepted	2018\r\n7	REPRESENTING CONTEXT IN ABBREVIATION EXPANSION USING MACHINE\r\nLEARNING APPROACH . Trieu Thi Ly Ly, Nguyen Van Quy, Ninh Khanh Duy, Huynh Huu Hung, Dang Duy Thang, In Proceedings of the 10th National Conference on Fundamental and Applied Information Technology Research (FAIR\' 10), ISBN: 978-604-913-614-6, 816-822	2017\r\n8	Mô hình tư vấn lọc cộng tác tích hợp dựa trên tương đồng sản phẩm . ThS. Phan Quốc Nghĩa*; TS. Đặng Hoài Phương; PGS.TS. Huỳnh Xuân Hiệp, Tạp chí Khoa học Công nghệ ĐHĐN, Số 1(110).2017, 59	2017\r\n9	Cải tiến chất lượng dịch Việt-Anh bằng mô hình học máy mạng nơron kết hợp kho ngữ liệu lớn . Nguyễn Văn Bình, Huỳnh Công Pháp, Kỷ yếu Hội thảo Khoa học Quốc gia @, ISBN: 978-604-67-1009-7, 35-41	2017\r\n10	Giải pháp tách từ sử dụng mạng nơ ron nhằm nâng cao chất lượng dịch tự động tiếng Việt. . Nguyễn Văn Bình, Huỳnh Công Pháp, Huỳnh Thị Tâm Thương, Kỷ yếu Hội thảo Khoa học Quốc gia CITA2017, ISBN: 978-604-80-2853-4, 274-281.	2017\r\n11	A new algorithm for loading and visualizing huge corpora in the web-based corpus exploitation system . Huynh Cong Phap, Kỷ yếu Hội thảo Khoa học Quốc gia CITA2017, ISBN: 978-604-80-2853-4, 53-58.	2017\r\n12	Cải tiến chất lượng dịch máy kết hợp giải pháp xây dựn kho ngữ liệu phục vụ đánh giá chất lượng hệ thống dịch tự động tiếng Việt . Nguyễn Văn Bình, Huỳnh Công Pháp, Tạp chí KH&CN-Đại học Đà Nẵng, ISSN: 1859-1531, Số 05(114) 2017, 46-51	2017\r\n13	A System of Exploiting and Building Homogeneous and Large Resources for the\r\nImprovement of Vietnamese-Related Machine Translation Quality . Huynh Cong Phap, Nguyen Van Binh, International Journal of Applied Engineering Research (SCOPUS index), ISSN: 0973-4562, Volume 12, Number 20, 10242-10248	2017\r\n14	Hệ tư vấn dựa trên độ đo cường độ hàm ý và trách nhiệm . Phan Phương Lan, Huỳnh Hữu Hưng, Huỳnh Xuân Hiệp, Hội nghị FAIR 2017, 1, 1	2017\r\n15	Système de recommandation basé sur des mesures implicatives fortes . Lan Phuong PHAN, Hung Huu HUYNH, Hiep Xuan HUYNH, Régis GRAS, Hội nghị ASI9, 1, 508-531	2017\r\n16	User based Recommender Systems using Implicative Rating Measure . Lan Phuong Phan, Hung Huu Huynh, Hiep Xuan Huynh, IJACSA, 8, 37-43	2017\r\n17	Recommended based on asymmetric user relations using timp (temporal implicative) measure . Hoang Tan NGUYEN, Hung Huu HUYNH, Hiep Xuan HUYNH, Hội nghị ASI9, 1, 493-507	2017\r\n18	Tư vấn dựa trên trường hàm ý . Nguyễn Tấn Hoàng, Huỳnh Hữu Hưng, Huỳnh Xuân Hiệp, Hội nghị FAIR 2017, 1, 1	2017\r\n19	Hệ tư vấn lọc cộng tác dựa trên các độ đo hàm ý thống kê . Phan Phương Lan, Huỳnh Hữu Hưng, Huỳnh Xuân Hiệp, Hội nghị REV-ECIT 2017, 1, accepted	2017\r\n20	Tư vấn lai ghép dựa trên các độ đo hàm ý thống kê . Phan Phương Lan, Huỳnh Hữu Hưng, Huỳnh Xuân Hiệp, Tạp chí Khoa học Trường Đại học Cần Thơ, 1, 25-33	2017', 'tranductri2003', '2023-12-10', 12),
(17, 4, 'Bài báo khoa học', 'media/post/default.jpg', 'Bài báo khoa học', 'STT	BÀI BÁO	NĂM XUẤT BẢN\r\n1	An English-Vietnamese Translation System Using Artificial Intelligence Approach . Nguyen Van Binh, Huynh Cong Phap, Springer\'s Lecture Notes in Artificial Intelligence LNCS/LNAI Series (indexed by ISI, EI, DBLP, Inspec, Scopus, etc.), ACIIDS 2018, 10	2018\r\n2	Collaborative filtering recommendation with threshold value of the equipotential plane in implication field . Nguyen Tan Hoang, Huynh Huu Hung, Huynh Xuan Hiep, The 2nd International Conference on Machine Learning and Soft Computing (ICMLSC), 1, accepted	2018\r\n3	Item-based collaborative filtering in the multi-criteria recommender system with ordered weighted averaging operator on sparse datasets . Tri Minh Huynh, Vu The Tran, Hung Huu Huynh, Hiep Xuan Huynh, The International Conference on Information and Communication Technology and Digital Convergence Business (ICIDB-2018), 1, accepted	2018\r\n4	Matching-based depth camera and mirrors for 3D reconstruction . Trong Nguyen Nguyen, Huu Hung Huynh, Jean Meunier, Three-Dimensional Imaging, Visualization, and Display 2018, 1, accepted	2018\r\n5	Assessment of gait normality using a depth camera and mirrors . Trong Nguyen Nguyen, Huu Hung Huynh, Jean Meunier, 2018 IEEE International Conference on Biomedical and Health Informatics, 1, accepted	2018\r\n6	Solution for Ordered Weighted Averaging Operator for Making in The Interaction Multi-Criteria Decision in User-Based Collaborative Filtering Recommender System . Tri Minh Huynh, Vu The Tran, Hung Huu Huynh, Hiep Xuan Huynh, International Journal of Machine Learning and Computing (IJMLC), 1, accepted	2018\r\n7	REPRESENTING CONTEXT IN ABBREVIATION EXPANSION USING MACHINE\r\nLEARNING APPROACH . Trieu Thi Ly Ly, Nguyen Van Quy, Ninh Khanh Duy, Huynh Huu Hung, Dang Duy Thang, In Proceedings of the 10th National Conference on Fundamental and Applied Information Technology Research (FAIR\' 10), ISBN: 978-604-913-614-6, 816-822	2017\r\n8	Mô hình tư vấn lọc cộng tác tích hợp dựa trên tương đồng sản phẩm . ThS. Phan Quốc Nghĩa*; TS. Đặng Hoài Phương; PGS.TS. Huỳnh Xuân Hiệp, Tạp chí Khoa học Công nghệ ĐHĐN, Số 1(110).2017, 59	2017\r\n9	Cải tiến chất lượng dịch Việt-Anh bằng mô hình học máy mạng nơron kết hợp kho ngữ liệu lớn . Nguyễn Văn Bình, Huỳnh Công Pháp, Kỷ yếu Hội thảo Khoa học Quốc gia @, ISBN: 978-604-67-1009-7, 35-41	2017\r\n10	Giải pháp tách từ sử dụng mạng nơ ron nhằm nâng cao chất lượng dịch tự động tiếng Việt. . Nguyễn Văn Bình, Huỳnh Công Pháp, Huỳnh Thị Tâm Thương, Kỷ yếu Hội thảo Khoa học Quốc gia CITA2017, ISBN: 978-604-80-2853-4, 274-281.	2017\r\n11	A new algorithm for loading and visualizing huge corpora in the web-based corpus exploitation system . Huynh Cong Phap, Kỷ yếu Hội thảo Khoa học Quốc gia CITA2017, ISBN: 978-604-80-2853-4, 53-58.	2017\r\n12	Cải tiến chất lượng dịch máy kết hợp giải pháp xây dựn kho ngữ liệu phục vụ đánh giá chất lượng hệ thống dịch tự động tiếng Việt . Nguyễn Văn Bình, Huỳnh Công Pháp, Tạp chí KH&CN-Đại học Đà Nẵng, ISSN: 1859-1531, Số 05(114) 2017, 46-51	2017\r\n13	A System of Exploiting and Building Homogeneous and Large Resources for the\r\nImprovement of Vietnamese-Related Machine Translation Quality . Huynh Cong Phap, Nguyen Van Binh, International Journal of Applied Engineering Research (SCOPUS index), ISSN: 0973-4562, Volume 12, Number 20, 10242-10248	2017\r\n14	Hệ tư vấn dựa trên độ đo cường độ hàm ý và trách nhiệm . Phan Phương Lan, Huỳnh Hữu Hưng, Huỳnh Xuân Hiệp, Hội nghị FAIR 2017, 1, 1	2017\r\n15	Système de recommandation basé sur des mesures implicatives fortes . Lan Phuong PHAN, Hung Huu HUYNH, Hiep Xuan HUYNH, Régis GRAS, Hội nghị ASI9, 1, 508-531	2017\r\n16	User based Recommender Systems using Implicative Rating Measure . Lan Phuong Phan, Hung Huu Huynh, Hiep Xuan Huynh, IJACSA, 8, 37-43	2017\r\n17	Recommended based on asymmetric user relations using timp (temporal implicative) measure . Hoang Tan NGUYEN, Hung Huu HUYNH, Hiep Xuan HUYNH, Hội nghị ASI9, 1, 493-507	2017\r\n18	Tư vấn dựa trên trường hàm ý . Nguyễn Tấn Hoàng, Huỳnh Hữu Hưng, Huỳnh Xuân Hiệp, Hội nghị FAIR 2017, 1, 1	2017\r\n19	Hệ tư vấn lọc cộng tác dựa trên các độ đo hàm ý thống kê . Phan Phương Lan, Huỳnh Hữu Hưng, Huỳnh Xuân Hiệp, Hội nghị REV-ECIT 2017, 1, accepted	2017\r\n20	Tư vấn lai ghép dựa trên các độ đo hàm ý thống kê . Phan Phương Lan, Huỳnh Hữu Hưng, Huỳnh Xuân Hiệp, Tạp chí Khoa học Trường Đại học Cần Thơ, 1, 25-33	2017', 'tranductri2003', '2023-12-10', 12),
(18, 4, 'Bài báo khoa học', 'media/post/default.jpg', 'Bài báo khoa học', 'STT	BÀI BÁO	NĂM XUẤT BẢN\r\n1	An English-Vietnamese Translation System Using Artificial Intelligence Approach . Nguyen Van Binh, Huynh Cong Phap, Springer\'s Lecture Notes in Artificial Intelligence LNCS/LNAI Series (indexed by ISI, EI, DBLP, Inspec, Scopus, etc.), ACIIDS 2018, 10	2018\r\n2	Collaborative filtering recommendation with threshold value of the equipotential plane in implication field . Nguyen Tan Hoang, Huynh Huu Hung, Huynh Xuan Hiep, The 2nd International Conference on Machine Learning and Soft Computing (ICMLSC), 1, accepted	2018\r\n3	Item-based collaborative filtering in the multi-criteria recommender system with ordered weighted averaging operator on sparse datasets . Tri Minh Huynh, Vu The Tran, Hung Huu Huynh, Hiep Xuan Huynh, The International Conference on Information and Communication Technology and Digital Convergence Business (ICIDB-2018), 1, accepted	2018\r\n4	Matching-based depth camera and mirrors for 3D reconstruction . Trong Nguyen Nguyen, Huu Hung Huynh, Jean Meunier, Three-Dimensional Imaging, Visualization, and Display 2018, 1, accepted	2018\r\n5	Assessment of gait normality using a depth camera and mirrors . Trong Nguyen Nguyen, Huu Hung Huynh, Jean Meunier, 2018 IEEE International Conference on Biomedical and Health Informatics, 1, accepted	2018\r\n6	Solution for Ordered Weighted Averaging Operator for Making in The Interaction Multi-Criteria Decision in User-Based Collaborative Filtering Recommender System . Tri Minh Huynh, Vu The Tran, Hung Huu Huynh, Hiep Xuan Huynh, International Journal of Machine Learning and Computing (IJMLC), 1, accepted	2018\r\n7	REPRESENTING CONTEXT IN ABBREVIATION EXPANSION USING MACHINE\r\nLEARNING APPROACH . Trieu Thi Ly Ly, Nguyen Van Quy, Ninh Khanh Duy, Huynh Huu Hung, Dang Duy Thang, In Proceedings of the 10th National Conference on Fundamental and Applied Information Technology Research (FAIR\' 10), ISBN: 978-604-913-614-6, 816-822	2017\r\n8	Mô hình tư vấn lọc cộng tác tích hợp dựa trên tương đồng sản phẩm . ThS. Phan Quốc Nghĩa*; TS. Đặng Hoài Phương; PGS.TS. Huỳnh Xuân Hiệp, Tạp chí Khoa học Công nghệ ĐHĐN, Số 1(110).2017, 59	2017\r\n9	Cải tiến chất lượng dịch Việt-Anh bằng mô hình học máy mạng nơron kết hợp kho ngữ liệu lớn . Nguyễn Văn Bình, Huỳnh Công Pháp, Kỷ yếu Hội thảo Khoa học Quốc gia @, ISBN: 978-604-67-1009-7, 35-41	2017\r\n10	Giải pháp tách từ sử dụng mạng nơ ron nhằm nâng cao chất lượng dịch tự động tiếng Việt. . Nguyễn Văn Bình, Huỳnh Công Pháp, Huỳnh Thị Tâm Thương, Kỷ yếu Hội thảo Khoa học Quốc gia CITA2017, ISBN: 978-604-80-2853-4, 274-281.	2017\r\n11	A new algorithm for loading and visualizing huge corpora in the web-based corpus exploitation system . Huynh Cong Phap, Kỷ yếu Hội thảo Khoa học Quốc gia CITA2017, ISBN: 978-604-80-2853-4, 53-58.	2017\r\n12	Cải tiến chất lượng dịch máy kết hợp giải pháp xây dựn kho ngữ liệu phục vụ đánh giá chất lượng hệ thống dịch tự động tiếng Việt . Nguyễn Văn Bình, Huỳnh Công Pháp, Tạp chí KH&CN-Đại học Đà Nẵng, ISSN: 1859-1531, Số 05(114) 2017, 46-51	2017\r\n13	A System of Exploiting and Building Homogeneous and Large Resources for the\r\nImprovement of Vietnamese-Related Machine Translation Quality . Huynh Cong Phap, Nguyen Van Binh, International Journal of Applied Engineering Research (SCOPUS index), ISSN: 0973-4562, Volume 12, Number 20, 10242-10248	2017\r\n14	Hệ tư vấn dựa trên độ đo cường độ hàm ý và trách nhiệm . Phan Phương Lan, Huỳnh Hữu Hưng, Huỳnh Xuân Hiệp, Hội nghị FAIR 2017, 1, 1	2017\r\n15	Système de recommandation basé sur des mesures implicatives fortes . Lan Phuong PHAN, Hung Huu HUYNH, Hiep Xuan HUYNH, Régis GRAS, Hội nghị ASI9, 1, 508-531	2017\r\n16	User based Recommender Systems using Implicative Rating Measure . Lan Phuong Phan, Hung Huu Huynh, Hiep Xuan Huynh, IJACSA, 8, 37-43	2017\r\n17	Recommended based on asymmetric user relations using timp (temporal implicative) measure . Hoang Tan NGUYEN, Hung Huu HUYNH, Hiep Xuan HUYNH, Hội nghị ASI9, 1, 493-507	2017\r\n18	Tư vấn dựa trên trường hàm ý . Nguyễn Tấn Hoàng, Huỳnh Hữu Hưng, Huỳnh Xuân Hiệp, Hội nghị FAIR 2017, 1, 1	2017\r\n19	Hệ tư vấn lọc cộng tác dựa trên các độ đo hàm ý thống kê . Phan Phương Lan, Huỳnh Hữu Hưng, Huỳnh Xuân Hiệp, Hội nghị REV-ECIT 2017, 1, accepted	2017\r\n20	Tư vấn lai ghép dựa trên các độ đo hàm ý thống kê . Phan Phương Lan, Huỳnh Hữu Hưng, Huỳnh Xuân Hiệp, Tạp chí Khoa học Trường Đại học Cần Thơ, 1, 25-33	2017', 'tranductri2003', '2023-12-10', 12),
(21, 5, 'Hợp tác', 'media/post/default.jpg', 'Hợp tác', 'Hợp tác', 'phamnguyenanhphat2003', '2023-12-10', 12),
(22, 5, 'Hợp tác', 'media/post/default.jpg', 'Hợp tác', 'Hợp tác', 'phamnguyenanhphat2003', '2023-12-10', 12),
(23, 5, 'Hợp tác', 'media/post/default.jpg', 'Hợp tác', 'Hợp tác', 'phamnguyenanhphat2003', '2023-12-10', 12),
(24, 5, 'Hợp tác', 'media/post/default.jpg', 'Hợp tác', 'Hợp tác', 'phamnguyenanhphat2003', '2023-12-10', 12),
(25, 5, 'Hợp tác', 'media/post/default.jpg', 'Hợp tác', 'Hợp tác', 'phamnguyenanhphat2003', '2023-12-10', 13),
(26, 6, 'Liên Chi đoàn khoa và các hoạt động truyền thống', 'media/post/default.jpg', 'Thông tin về quy mô hoạt động:\r\n\r\nLCĐ Khoa CNTT gồm có 25 chi Đoàn: trong đó có 01 Chi Đoàn Giáo Viên và 24 Chi Đoàn Sinh Viên\r\n\r\nNgoài ra có một số CLB hoạt động dưới sự tổ chức của LCĐ như:\r\n\r\n- Đội CTXH thuộc khoa CNTT: Được thành lập bởi SV khoa CNTT năm 2014, đội CTXH trợ giúp BCH LCĐ tổ chức các hoạt động cho các bạn Sinh viên trong khoa. Ngoài ra đội còn tích cực tham gia các phong trào do Đoàn cấp trên tổ chức.\r\n\r\n- Nhóm Hy Vọng: Do nhóm sinh viên khoa Công Nghệ Thông Tin thành lập nên t', 'Thông tin về quy mô hoạt động:\r\n\r\nLCĐ Khoa CNTT gồm có 25 chi Đoàn: trong đó có 01 Chi Đoàn Giáo Viên và 24 Chi Đoàn Sinh Viên\r\n\r\nNgoài ra có một số CLB hoạt động dưới sự tổ chức của LCĐ như:\r\n\r\n- Đội CTXH thuộc khoa CNTT: Được thành lập bởi SV khoa CNTT năm 2014, đội CTXH trợ giúp BCH LCĐ tổ chức các hoạt động cho các bạn Sinh viên trong khoa. Ngoài ra đội còn tích cực tham gia các phong trào do Đoàn cấp trên tổ chức.\r\n\r\n- Nhóm Hy Vọng: Do nhóm sinh viên khoa Công Nghệ Thông Tin thành lập nên từ năm 2008, hoạt động với phương châm: “Nuôi dưỡng niềm tin – Thắp sáng hi vọng”, nhóm tích cực hoạt động với nhiệm vụ chủ yếu là dạy học và giúp đỡ các bạn đang theo học tại Trường Phổ Thông Chuyên Biệt Nguyễn Đình Chiểu ( Quận Liên Chiểu – Thành Phố Đà Nẵng).\r\n\r\nNhiệm vụ\r\n\r\nLCĐ Khoa CNTT thực hiện các nhiệm vụ chính sau:\r\n\r\n- Tham gia công tác giáo dục chính trị tư tưởng, giáo dục đạo đức cách mạng, giáo dục lối sống cho ĐVTN trong khoa.\r\n\r\n- Tổ chức các hoạt động văn hóa văn nghệ – thể dục thể thao nhằm nâng cao đời sống tinh thần, góp phần tập hợp, thu hút và định hướng giá trị cho ĐVTN trong khoa.\r\n\r\n- Tổ chức các cuộc thi, hoạt động về học thuật dành cho các ĐVTN trong khoa nhằm nâng cao kiến thức, sự hiểu biết về văn hóa, xã hội, lịch sử, địa lí địa phương và mở rộng.\r\n\r\n- Tham gia xây dựng môi trường học tập và sinh hoạt lành mạnh, góp phần nâng cao chất lượng học tập và NCKH trong sinh viên.\r\n\r\n- Xây dựng tổ chức Đoàn cơ sở, bồi dưỡng phát triển Đảng trong đoàn viên.\r\n\r\nCác hoạt động truyền thống LCĐ Khoa CNTT:\r\n\r\nHàng năm, LCĐ Khoa CNTT tổ chức một số các hoạt động truyền thống như:\r\n\r\nSTT\r\n\r\nTên hoạt động\r\n\r\nThời gian\r\n\r\nMục đích của hoạt động\r\n\r\n1\r\n\r\nĐón Tân SV\r\n\r\nTháng 10 hàng năm\r\n\r\nChào đón tân SV của Khoa nhập học niên khóa mới\r\n\r\n2\r\n\r\nChương trình văn nghệ Sinh Viên Khoa\r\n\r\nTháng 11 hàng năm\r\n\r\nCác tiết mục do SV khoa CNTT biểu diễn nhằm chào mừng ngày nhà giáo Việt Nam 20-11.\r\n\r\n3\r\n\r\nGiao lưu đối thoại giáo viên – sinh viên – doanh nghiệp\r\n\r\nTháng 12 hàng năm\r\n\r\nGiúp cho SV Khoa chia xẻ với Thầy Cô giáo trong Khoa về các vấn đề về học tập cũng như các vấn đề khác trong cuộc sống.\r\n\r\n4\r\n\r\nĐón Noen cho các em thiếu nhi khuyết tật\r\n\r\nTháng 12 hàng năm\r\n\r\nLCĐ Khoa thường kết hợp với đội CTXH tổ chức tặng quà cho các em khuyết tật ở trường mù Nguyễn Đình Chiểu.\r\n\r\n5\r\n\r\nTổ chức giả bóng đá truyền thống nam nữ khoa CNTT\r\n\r\nTháng 2 hàng năm\r\n\r\nLCĐ Khoa tổ chức 02 giải đấu bóng đá + bóng  chuyền, là sân chơi cho các Sv của Khoa. Qua giải đấu này để tuyển chọn VĐV cho giải đấu cấp trường.\r\n\r\n6\r\n\r\nTổ chức hội trại truyền thống khoa CNTT\r\n\r\nTháng 4 (02 năm 1 lần)\r\n\r\nThường là cắm trại ở một số địa điểm quanh TP Đà Nẵng, là sân chơi của riêng SV Khoa CNTT.\r\n\r\n7	Tổ chức Hành trình Trò chơi lớn khoa CNTT	Tháng 4 (02 năm 1 lần)	Hoạt động nhằm nâng cao một số kỹ năng mềm như là giải mật thư, tinh thần làm việc đội nhóm,.. ngoài ra còn nâng cao sức khỏe các ĐVTN khi tham gia hoạt động ngoài trời.\r\n \r\n\r\nNgoài công tác tổ chức các hoạt động truyền thống, LCĐ Khoa CNTT còn tích cực hưởng ứng tham gia các phong trào Đoàn do Đoàn Trường ĐHBK Đà Nẵng tổ chức như:\r\n\r\n- Phong trào văn nghệ, tham dự các buổi lễ kỷ niêm, meeting …\r\n\r\n- Hội trại chào mừng giải phóng TP Đà Nẵng hàng năm (tháng 03)\r\n\r\n- Giải bóng đá, bóng chuyền truyền thống do Đoàn Trường tổ chức hàng năm.\r\n\r\n- Phong trào tiếp sức mùa thi, tình nguyện mùa hè xanh …', 'leanhtuan2002', '2023-12-10', 12),
(27, 6, 'Liên Chi đoàn khoa và các hoạt động truyền thống', 'media/post/default.jpg', 'Thông tin về quy mô hoạt động:\r\n\r\nLCĐ Khoa CNTT gồm có 25 chi Đoàn: trong đó có 01 Chi Đoàn Giáo Viên và 24 Chi Đoàn Sinh Viên\r\n\r\nNgoài ra có một số CLB hoạt động dưới sự tổ chức của LCĐ như:\r\n\r\n- Đội CTXH thuộc khoa CNTT: Được thành lập bởi SV khoa CNTT năm 2014, đội CTXH trợ giúp BCH LCĐ tổ chức các hoạt động cho các bạn Sinh viên trong khoa. Ngoài ra đội còn tích cực tham gia các phong trào do Đoàn cấp trên tổ chức.\r\n\r\n- Nhóm Hy Vọng: Do nhóm sinh viên khoa Công Nghệ Thông Tin thành lập nên t', 'Thông tin về quy mô hoạt động:\r\n\r\nLCĐ Khoa CNTT gồm có 25 chi Đoàn: trong đó có 01 Chi Đoàn Giáo Viên và 24 Chi Đoàn Sinh Viên\r\n\r\nNgoài ra có một số CLB hoạt động dưới sự tổ chức của LCĐ như:\r\n\r\n- Đội CTXH thuộc khoa CNTT: Được thành lập bởi SV khoa CNTT năm 2014, đội CTXH trợ giúp BCH LCĐ tổ chức các hoạt động cho các bạn Sinh viên trong khoa. Ngoài ra đội còn tích cực tham gia các phong trào do Đoàn cấp trên tổ chức.\r\n\r\n- Nhóm Hy Vọng: Do nhóm sinh viên khoa Công Nghệ Thông Tin thành lập nên từ năm 2008, hoạt động với phương châm: “Nuôi dưỡng niềm tin – Thắp sáng hi vọng”, nhóm tích cực hoạt động với nhiệm vụ chủ yếu là dạy học và giúp đỡ các bạn đang theo học tại Trường Phổ Thông Chuyên Biệt Nguyễn Đình Chiểu ( Quận Liên Chiểu – Thành Phố Đà Nẵng).\r\n\r\nNhiệm vụ\r\n\r\nLCĐ Khoa CNTT thực hiện các nhiệm vụ chính sau:\r\n\r\n- Tham gia công tác giáo dục chính trị tư tưởng, giáo dục đạo đức cách mạng, giáo dục lối sống cho ĐVTN trong khoa.\r\n\r\n- Tổ chức các hoạt động văn hóa văn nghệ – thể dục thể thao nhằm nâng cao đời sống tinh thần, góp phần tập hợp, thu hút và định hướng giá trị cho ĐVTN trong khoa.\r\n\r\n- Tổ chức các cuộc thi, hoạt động về học thuật dành cho các ĐVTN trong khoa nhằm nâng cao kiến thức, sự hiểu biết về văn hóa, xã hội, lịch sử, địa lí địa phương và mở rộng.\r\n\r\n- Tham gia xây dựng môi trường học tập và sinh hoạt lành mạnh, góp phần nâng cao chất lượng học tập và NCKH trong sinh viên.\r\n\r\n- Xây dựng tổ chức Đoàn cơ sở, bồi dưỡng phát triển Đảng trong đoàn viên.\r\n\r\nCác hoạt động truyền thống LCĐ Khoa CNTT:\r\n\r\nHàng năm, LCĐ Khoa CNTT tổ chức một số các hoạt động truyền thống như:\r\n\r\nSTT\r\n\r\nTên hoạt động\r\n\r\nThời gian\r\n\r\nMục đích của hoạt động\r\n\r\n1\r\n\r\nĐón Tân SV\r\n\r\nTháng 10 hàng năm\r\n\r\nChào đón tân SV của Khoa nhập học niên khóa mới\r\n\r\n2\r\n\r\nChương trình văn nghệ Sinh Viên Khoa\r\n\r\nTháng 11 hàng năm\r\n\r\nCác tiết mục do SV khoa CNTT biểu diễn nhằm chào mừng ngày nhà giáo Việt Nam 20-11.\r\n\r\n3\r\n\r\nGiao lưu đối thoại giáo viên – sinh viên – doanh nghiệp\r\n\r\nTháng 12 hàng năm\r\n\r\nGiúp cho SV Khoa chia xẻ với Thầy Cô giáo trong Khoa về các vấn đề về học tập cũng như các vấn đề khác trong cuộc sống.\r\n\r\n4\r\n\r\nĐón Noen cho các em thiếu nhi khuyết tật\r\n\r\nTháng 12 hàng năm\r\n\r\nLCĐ Khoa thường kết hợp với đội CTXH tổ chức tặng quà cho các em khuyết tật ở trường mù Nguyễn Đình Chiểu.\r\n\r\n5\r\n\r\nTổ chức giả bóng đá truyền thống nam nữ khoa CNTT\r\n\r\nTháng 2 hàng năm\r\n\r\nLCĐ Khoa tổ chức 02 giải đấu bóng đá + bóng  chuyền, là sân chơi cho các Sv của Khoa. Qua giải đấu này để tuyển chọn VĐV cho giải đấu cấp trường.\r\n\r\n6\r\n\r\nTổ chức hội trại truyền thống khoa CNTT\r\n\r\nTháng 4 (02 năm 1 lần)\r\n\r\nThường là cắm trại ở một số địa điểm quanh TP Đà Nẵng, là sân chơi của riêng SV Khoa CNTT.\r\n\r\n7	Tổ chức Hành trình Trò chơi lớn khoa CNTT	Tháng 4 (02 năm 1 lần)	Hoạt động nhằm nâng cao một số kỹ năng mềm như là giải mật thư, tinh thần làm việc đội nhóm,.. ngoài ra còn nâng cao sức khỏe các ĐVTN khi tham gia hoạt động ngoài trời.\r\n \r\n\r\nNgoài công tác tổ chức các hoạt động truyền thống, LCĐ Khoa CNTT còn tích cực hưởng ứng tham gia các phong trào Đoàn do Đoàn Trường ĐHBK Đà Nẵng tổ chức như:\r\n\r\n- Phong trào văn nghệ, tham dự các buổi lễ kỷ niêm, meeting …\r\n\r\n- Hội trại chào mừng giải phóng TP Đà Nẵng hàng năm (tháng 03)\r\n\r\n- Giải bóng đá, bóng chuyền truyền thống do Đoàn Trường tổ chức hàng năm.\r\n\r\n- Phong trào tiếp sức mùa thi, tình nguyện mùa hè xanh …', 'leanhtuan2002', '2023-12-10', 12),
(28, 6, 'Liên Chi đoàn khoa và các hoạt động truyền thống', 'media/post/default.jpg', 'Thông tin về quy mô hoạt động:\r\n\r\nLCĐ Khoa CNTT gồm có 25 chi Đoàn: trong đó có 01 Chi Đoàn Giáo Viên và 24 Chi Đoàn Sinh Viên\r\n\r\nNgoài ra có một số CLB hoạt động dưới sự tổ chức của LCĐ như:\r\n\r\n- Đội CTXH thuộc khoa CNTT: Được thành lập bởi SV khoa CNTT năm 2014, đội CTXH trợ giúp BCH LCĐ tổ chức các hoạt động cho các bạn Sinh viên trong khoa. Ngoài ra đội còn tích cực tham gia các phong trào do Đoàn cấp trên tổ chức.\r\n\r\n- Nhóm Hy Vọng: Do nhóm sinh viên khoa Công Nghệ Thông Tin thành lập nên t', 'Thông tin về quy mô hoạt động:\r\n\r\nLCĐ Khoa CNTT gồm có 25 chi Đoàn: trong đó có 01 Chi Đoàn Giáo Viên và 24 Chi Đoàn Sinh Viên\r\n\r\nNgoài ra có một số CLB hoạt động dưới sự tổ chức của LCĐ như:\r\n\r\n- Đội CTXH thuộc khoa CNTT: Được thành lập bởi SV khoa CNTT năm 2014, đội CTXH trợ giúp BCH LCĐ tổ chức các hoạt động cho các bạn Sinh viên trong khoa. Ngoài ra đội còn tích cực tham gia các phong trào do Đoàn cấp trên tổ chức.\r\n\r\n- Nhóm Hy Vọng: Do nhóm sinh viên khoa Công Nghệ Thông Tin thành lập nên từ năm 2008, hoạt động với phương châm: “Nuôi dưỡng niềm tin – Thắp sáng hi vọng”, nhóm tích cực hoạt động với nhiệm vụ chủ yếu là dạy học và giúp đỡ các bạn đang theo học tại Trường Phổ Thông Chuyên Biệt Nguyễn Đình Chiểu ( Quận Liên Chiểu – Thành Phố Đà Nẵng).\r\n\r\nNhiệm vụ\r\n\r\nLCĐ Khoa CNTT thực hiện các nhiệm vụ chính sau:\r\n\r\n- Tham gia công tác giáo dục chính trị tư tưởng, giáo dục đạo đức cách mạng, giáo dục lối sống cho ĐVTN trong khoa.\r\n\r\n- Tổ chức các hoạt động văn hóa văn nghệ – thể dục thể thao nhằm nâng cao đời sống tinh thần, góp phần tập hợp, thu hút và định hướng giá trị cho ĐVTN trong khoa.\r\n\r\n- Tổ chức các cuộc thi, hoạt động về học thuật dành cho các ĐVTN trong khoa nhằm nâng cao kiến thức, sự hiểu biết về văn hóa, xã hội, lịch sử, địa lí địa phương và mở rộng.\r\n\r\n- Tham gia xây dựng môi trường học tập và sinh hoạt lành mạnh, góp phần nâng cao chất lượng học tập và NCKH trong sinh viên.\r\n\r\n- Xây dựng tổ chức Đoàn cơ sở, bồi dưỡng phát triển Đảng trong đoàn viên.\r\n\r\nCác hoạt động truyền thống LCĐ Khoa CNTT:\r\n\r\nHàng năm, LCĐ Khoa CNTT tổ chức một số các hoạt động truyền thống như:\r\n\r\nSTT\r\n\r\nTên hoạt động\r\n\r\nThời gian\r\n\r\nMục đích của hoạt động\r\n\r\n1\r\n\r\nĐón Tân SV\r\n\r\nTháng 10 hàng năm\r\n\r\nChào đón tân SV của Khoa nhập học niên khóa mới\r\n\r\n2\r\n\r\nChương trình văn nghệ Sinh Viên Khoa\r\n\r\nTháng 11 hàng năm\r\n\r\nCác tiết mục do SV khoa CNTT biểu diễn nhằm chào mừng ngày nhà giáo Việt Nam 20-11.\r\n\r\n3\r\n\r\nGiao lưu đối thoại giáo viên – sinh viên – doanh nghiệp\r\n\r\nTháng 12 hàng năm\r\n\r\nGiúp cho SV Khoa chia xẻ với Thầy Cô giáo trong Khoa về các vấn đề về học tập cũng như các vấn đề khác trong cuộc sống.\r\n\r\n4\r\n\r\nĐón Noen cho các em thiếu nhi khuyết tật\r\n\r\nTháng 12 hàng năm\r\n\r\nLCĐ Khoa thường kết hợp với đội CTXH tổ chức tặng quà cho các em khuyết tật ở trường mù Nguyễn Đình Chiểu.\r\n\r\n5\r\n\r\nTổ chức giả bóng đá truyền thống nam nữ khoa CNTT\r\n\r\nTháng 2 hàng năm\r\n\r\nLCĐ Khoa tổ chức 02 giải đấu bóng đá + bóng  chuyền, là sân chơi cho các Sv của Khoa. Qua giải đấu này để tuyển chọn VĐV cho giải đấu cấp trường.\r\n\r\n6\r\n\r\nTổ chức hội trại truyền thống khoa CNTT\r\n\r\nTháng 4 (02 năm 1 lần)\r\n\r\nThường là cắm trại ở một số địa điểm quanh TP Đà Nẵng, là sân chơi của riêng SV Khoa CNTT.\r\n\r\n7	Tổ chức Hành trình Trò chơi lớn khoa CNTT	Tháng 4 (02 năm 1 lần)	Hoạt động nhằm nâng cao một số kỹ năng mềm như là giải mật thư, tinh thần làm việc đội nhóm,.. ngoài ra còn nâng cao sức khỏe các ĐVTN khi tham gia hoạt động ngoài trời.\r\n \r\n\r\nNgoài công tác tổ chức các hoạt động truyền thống, LCĐ Khoa CNTT còn tích cực hưởng ứng tham gia các phong trào Đoàn do Đoàn Trường ĐHBK Đà Nẵng tổ chức như:\r\n\r\n- Phong trào văn nghệ, tham dự các buổi lễ kỷ niêm, meeting …\r\n\r\n- Hội trại chào mừng giải phóng TP Đà Nẵng hàng năm (tháng 03)\r\n\r\n- Giải bóng đá, bóng chuyền truyền thống do Đoàn Trường tổ chức hàng năm.\r\n\r\n- Phong trào tiếp sức mùa thi, tình nguyện mùa hè xanh …', 'leanhtuan2002', '2023-12-10', 12),
(29, 6, 'Liên Chi đoàn khoa và các hoạt động truyền thống', 'media/post/default.jpg', 'Thông tin về quy mô hoạt động:\r\n\r\nLCĐ Khoa CNTT gồm có 25 chi Đoàn: trong đó có 01 Chi Đoàn Giáo Viên và 24 Chi Đoàn Sinh Viên\r\n\r\nNgoài ra có một số CLB hoạt động dưới sự tổ chức của LCĐ như:\r\n\r\n- Đội CTXH thuộc khoa CNTT: Được thành lập bởi SV khoa CNTT năm 2014, đội CTXH trợ giúp BCH LCĐ tổ chức các hoạt động cho các bạn Sinh viên trong khoa. Ngoài ra đội còn tích cực tham gia các phong trào do Đoàn cấp trên tổ chức.\r\n\r\n- Nhóm Hy Vọng: Do nhóm sinh viên khoa Công Nghệ Thông Tin thành lập nên t', 'Thông tin về quy mô hoạt động:\r\n\r\nLCĐ Khoa CNTT gồm có 25 chi Đoàn: trong đó có 01 Chi Đoàn Giáo Viên và 24 Chi Đoàn Sinh Viên\r\n\r\nNgoài ra có một số CLB hoạt động dưới sự tổ chức của LCĐ như:\r\n\r\n- Đội CTXH thuộc khoa CNTT: Được thành lập bởi SV khoa CNTT năm 2014, đội CTXH trợ giúp BCH LCĐ tổ chức các hoạt động cho các bạn Sinh viên trong khoa. Ngoài ra đội còn tích cực tham gia các phong trào do Đoàn cấp trên tổ chức.\r\n\r\n- Nhóm Hy Vọng: Do nhóm sinh viên khoa Công Nghệ Thông Tin thành lập nên từ năm 2008, hoạt động với phương châm: “Nuôi dưỡng niềm tin – Thắp sáng hi vọng”, nhóm tích cực hoạt động với nhiệm vụ chủ yếu là dạy học và giúp đỡ các bạn đang theo học tại Trường Phổ Thông Chuyên Biệt Nguyễn Đình Chiểu ( Quận Liên Chiểu – Thành Phố Đà Nẵng).\r\n\r\nNhiệm vụ\r\n\r\nLCĐ Khoa CNTT thực hiện các nhiệm vụ chính sau:\r\n\r\n- Tham gia công tác giáo dục chính trị tư tưởng, giáo dục đạo đức cách mạng, giáo dục lối sống cho ĐVTN trong khoa.\r\n\r\n- Tổ chức các hoạt động văn hóa văn nghệ – thể dục thể thao nhằm nâng cao đời sống tinh thần, góp phần tập hợp, thu hút và định hướng giá trị cho ĐVTN trong khoa.\r\n\r\n- Tổ chức các cuộc thi, hoạt động về học thuật dành cho các ĐVTN trong khoa nhằm nâng cao kiến thức, sự hiểu biết về văn hóa, xã hội, lịch sử, địa lí địa phương và mở rộng.\r\n\r\n- Tham gia xây dựng môi trường học tập và sinh hoạt lành mạnh, góp phần nâng cao chất lượng học tập và NCKH trong sinh viên.\r\n\r\n- Xây dựng tổ chức Đoàn cơ sở, bồi dưỡng phát triển Đảng trong đoàn viên.\r\n\r\nCác hoạt động truyền thống LCĐ Khoa CNTT:\r\n\r\nHàng năm, LCĐ Khoa CNTT tổ chức một số các hoạt động truyền thống như:\r\n\r\nSTT\r\n\r\nTên hoạt động\r\n\r\nThời gian\r\n\r\nMục đích của hoạt động\r\n\r\n1\r\n\r\nĐón Tân SV\r\n\r\nTháng 10 hàng năm\r\n\r\nChào đón tân SV của Khoa nhập học niên khóa mới\r\n\r\n2\r\n\r\nChương trình văn nghệ Sinh Viên Khoa\r\n\r\nTháng 11 hàng năm\r\n\r\nCác tiết mục do SV khoa CNTT biểu diễn nhằm chào mừng ngày nhà giáo Việt Nam 20-11.\r\n\r\n3\r\n\r\nGiao lưu đối thoại giáo viên – sinh viên – doanh nghiệp\r\n\r\nTháng 12 hàng năm\r\n\r\nGiúp cho SV Khoa chia xẻ với Thầy Cô giáo trong Khoa về các vấn đề về học tập cũng như các vấn đề khác trong cuộc sống.\r\n\r\n4\r\n\r\nĐón Noen cho các em thiếu nhi khuyết tật\r\n\r\nTháng 12 hàng năm\r\n\r\nLCĐ Khoa thường kết hợp với đội CTXH tổ chức tặng quà cho các em khuyết tật ở trường mù Nguyễn Đình Chiểu.\r\n\r\n5\r\n\r\nTổ chức giả bóng đá truyền thống nam nữ khoa CNTT\r\n\r\nTháng 2 hàng năm\r\n\r\nLCĐ Khoa tổ chức 02 giải đấu bóng đá + bóng  chuyền, là sân chơi cho các Sv của Khoa. Qua giải đấu này để tuyển chọn VĐV cho giải đấu cấp trường.\r\n\r\n6\r\n\r\nTổ chức hội trại truyền thống khoa CNTT\r\n\r\nTháng 4 (02 năm 1 lần)\r\n\r\nThường là cắm trại ở một số địa điểm quanh TP Đà Nẵng, là sân chơi của riêng SV Khoa CNTT.\r\n\r\n7	Tổ chức Hành trình Trò chơi lớn khoa CNTT	Tháng 4 (02 năm 1 lần)	Hoạt động nhằm nâng cao một số kỹ năng mềm như là giải mật thư, tinh thần làm việc đội nhóm,.. ngoài ra còn nâng cao sức khỏe các ĐVTN khi tham gia hoạt động ngoài trời.\r\n \r\n\r\nNgoài công tác tổ chức các hoạt động truyền thống, LCĐ Khoa CNTT còn tích cực hưởng ứng tham gia các phong trào Đoàn do Đoàn Trường ĐHBK Đà Nẵng tổ chức như:\r\n\r\n- Phong trào văn nghệ, tham dự các buổi lễ kỷ niêm, meeting …\r\n\r\n- Hội trại chào mừng giải phóng TP Đà Nẵng hàng năm (tháng 03)\r\n\r\n- Giải bóng đá, bóng chuyền truyền thống do Đoàn Trường tổ chức hàng năm.\r\n\r\n- Phong trào tiếp sức mùa thi, tình nguyện mùa hè xanh …', 'leanhtuan2002', '2023-12-10', 12),
(30, 6, 'Liên Chi đoàn khoa và các hoạt động truyền thống', 'media/post/default.jpg', 'Thông tin về quy mô hoạt động:\r\n\r\nLCĐ Khoa CNTT gồm có 25 chi Đoàn: trong đó có 01 Chi Đoàn Giáo Viên và 24 Chi Đoàn Sinh Viên\r\n\r\nNgoài ra có một số CLB hoạt động dưới sự tổ chức của LCĐ như:\r\n\r\n- Đội CTXH thuộc khoa CNTT: Được thành lập bởi SV khoa CNTT năm 2014, đội CTXH trợ giúp BCH LCĐ tổ chức các hoạt động cho các bạn Sinh viên trong khoa. Ngoài ra đội còn tích cực tham gia các phong trào do Đoàn cấp trên tổ chức.\r\n\r\n- Nhóm Hy Vọng: Do nhóm sinh viên khoa Công Nghệ Thông Tin thành lập nên t', 'Thông tin về quy mô hoạt động:\r\n\r\nLCĐ Khoa CNTT gồm có 25 chi Đoàn: trong đó có 01 Chi Đoàn Giáo Viên và 24 Chi Đoàn Sinh Viên\r\n\r\nNgoài ra có một số CLB hoạt động dưới sự tổ chức của LCĐ như:\r\n\r\n- Đội CTXH thuộc khoa CNTT: Được thành lập bởi SV khoa CNTT năm 2014, đội CTXH trợ giúp BCH LCĐ tổ chức các hoạt động cho các bạn Sinh viên trong khoa. Ngoài ra đội còn tích cực tham gia các phong trào do Đoàn cấp trên tổ chức.\r\n\r\n- Nhóm Hy Vọng: Do nhóm sinh viên khoa Công Nghệ Thông Tin thành lập nên từ năm 2008, hoạt động với phương châm: “Nuôi dưỡng niềm tin – Thắp sáng hi vọng”, nhóm tích cực hoạt động với nhiệm vụ chủ yếu là dạy học và giúp đỡ các bạn đang theo học tại Trường Phổ Thông Chuyên Biệt Nguyễn Đình Chiểu ( Quận Liên Chiểu – Thành Phố Đà Nẵng).\r\n\r\nNhiệm vụ\r\n\r\nLCĐ Khoa CNTT thực hiện các nhiệm vụ chính sau:\r\n\r\n- Tham gia công tác giáo dục chính trị tư tưởng, giáo dục đạo đức cách mạng, giáo dục lối sống cho ĐVTN trong khoa.\r\n\r\n- Tổ chức các hoạt động văn hóa văn nghệ – thể dục thể thao nhằm nâng cao đời sống tinh thần, góp phần tập hợp, thu hút và định hướng giá trị cho ĐVTN trong khoa.\r\n\r\n- Tổ chức các cuộc thi, hoạt động về học thuật dành cho các ĐVTN trong khoa nhằm nâng cao kiến thức, sự hiểu biết về văn hóa, xã hội, lịch sử, địa lí địa phương và mở rộng.\r\n\r\n- Tham gia xây dựng môi trường học tập và sinh hoạt lành mạnh, góp phần nâng cao chất lượng học tập và NCKH trong sinh viên.\r\n\r\n- Xây dựng tổ chức Đoàn cơ sở, bồi dưỡng phát triển Đảng trong đoàn viên.\r\n\r\nCác hoạt động truyền thống LCĐ Khoa CNTT:\r\n\r\nHàng năm, LCĐ Khoa CNTT tổ chức một số các hoạt động truyền thống như:\r\n\r\nSTT\r\n\r\nTên hoạt động\r\n\r\nThời gian\r\n\r\nMục đích của hoạt động\r\n\r\n1\r\n\r\nĐón Tân SV\r\n\r\nTháng 10 hàng năm\r\n\r\nChào đón tân SV của Khoa nhập học niên khóa mới\r\n\r\n2\r\n\r\nChương trình văn nghệ Sinh Viên Khoa\r\n\r\nTháng 11 hàng năm\r\n\r\nCác tiết mục do SV khoa CNTT biểu diễn nhằm chào mừng ngày nhà giáo Việt Nam 20-11.\r\n\r\n3\r\n\r\nGiao lưu đối thoại giáo viên – sinh viên – doanh nghiệp\r\n\r\nTháng 12 hàng năm\r\n\r\nGiúp cho SV Khoa chia xẻ với Thầy Cô giáo trong Khoa về các vấn đề về học tập cũng như các vấn đề khác trong cuộc sống.\r\n\r\n4\r\n\r\nĐón Noen cho các em thiếu nhi khuyết tật\r\n\r\nTháng 12 hàng năm\r\n\r\nLCĐ Khoa thường kết hợp với đội CTXH tổ chức tặng quà cho các em khuyết tật ở trường mù Nguyễn Đình Chiểu.\r\n\r\n5\r\n\r\nTổ chức giả bóng đá truyền thống nam nữ khoa CNTT\r\n\r\nTháng 2 hàng năm\r\n\r\nLCĐ Khoa tổ chức 02 giải đấu bóng đá + bóng  chuyền, là sân chơi cho các Sv của Khoa. Qua giải đấu này để tuyển chọn VĐV cho giải đấu cấp trường.\r\n\r\n6\r\n\r\nTổ chức hội trại truyền thống khoa CNTT\r\n\r\nTháng 4 (02 năm 1 lần)\r\n\r\nThường là cắm trại ở một số địa điểm quanh TP Đà Nẵng, là sân chơi của riêng SV Khoa CNTT.\r\n\r\n7	Tổ chức Hành trình Trò chơi lớn khoa CNTT	Tháng 4 (02 năm 1 lần)	Hoạt động nhằm nâng cao một số kỹ năng mềm như là giải mật thư, tinh thần làm việc đội nhóm,.. ngoài ra còn nâng cao sức khỏe các ĐVTN khi tham gia hoạt động ngoài trời.\r\n \r\n\r\nNgoài công tác tổ chức các hoạt động truyền thống, LCĐ Khoa CNTT còn tích cực hưởng ứng tham gia các phong trào Đoàn do Đoàn Trường ĐHBK Đà Nẵng tổ chức như:\r\n\r\n- Phong trào văn nghệ, tham dự các buổi lễ kỷ niêm, meeting …\r\n\r\n- Hội trại chào mừng giải phóng TP Đà Nẵng hàng năm (tháng 03)\r\n\r\n- Giải bóng đá, bóng chuyền truyền thống do Đoàn Trường tổ chức hàng năm.\r\n\r\n- Phong trào tiếp sức mùa thi, tình nguyện mùa hè xanh …', 'leanhtuan2002', '2023-12-10', 12),
(31, 7, 'Danh sách Cựu sinh viên Đại học', 'media/post/default.jpg', 'Danh sách Cựu sinh viên Đại học', 'Khóa vào trường\r\n\r\nDanh sách các lớp\r\n\r\n1992\r\n\r\n92T\r\n\r\n1993\r\n\r\n93T\r\n\r\n1994\r\n\r\n94T, 94T1BB, 94T2BB\r\n\r\n1995\r\n\r\n95T\r\n\r\n1996\r\n\r\n96T1, 96T2\r\n\r\n1997\r\n\r\n97T1, 97T2\r\n\r\n1998\r\n\r\n98T1, 98T2\r\n\r\n1999\r\n\r\n99T1, 99T2\r\n\r\n2000\r\n\r\n00T1, 00T2\r\n\r\n2001\r\n\r\n01T1, 01T2, 01T3, 01T4\r\n\r\n2002\r\n\r\n0 2T1, 02T2, 02T3, 02T4, 02T5\r\n\r\n2003\r\n\r\n03T1, 03T2, 03T3, 03T4\r\n\r\n2004\r\n\r\n04T1, 04T2, 04T3, 04T4, 04TLT\r\n\r\n2005\r\n\r\n05T1, 05T2, 05T3, 05T4, 05TLT\r\n\r\n2006\r\n\r\n06T1, 06T2, 06T3, 06T4, 06TLT\r\n\r\n2007\r\n\r\n07T1, 07T2, 07T3, 07T4, 07TLT\r\n\r\n2008\r\n\r\n08T1, 08T2, 08T3, 08T4, 08TLT, 08TLTQN, 08TLTSQ\r\n\r\n2009\r\n\r\n09T1, 09T2, 09T3, 09T4, 09TLT\r\n\r\n2010\r\n\r\n10T1, 10T1H2LT, 10T1LT, 10T2, 10T2H2LT, 10T2LT, 10T3, 10T4, 10TLTPY, 10TLTSG\r\n\r\n2011\r\n\r\n11ÐBCLC, 11T1, 11T2, 11T3, 11T4, 11TLT.CNTT, 11TLTH2, 11TLTPY\r\n\r\n2012\r\n\r\n12TLT, 12TLT.CNTT 12T1,12T2,12T3, 12T4\r\n\r\n2013	13TCLC', 'phamnguyenanhphat2003', '2023-12-10', 12),
(32, 7, 'Danh sách Cựu sinh viên Đại học', 'media/post/default.jpg', 'Danh sách Cựu sinh viên Đại học', 'Khóa vào trường\r\n\r\nDanh sách các lớp\r\n\r\n1992\r\n\r\n92T\r\n\r\n1993\r\n\r\n93T\r\n\r\n1994\r\n\r\n94T, 94T1BB, 94T2BB\r\n\r\n1995\r\n\r\n95T\r\n\r\n1996\r\n\r\n96T1, 96T2\r\n\r\n1997\r\n\r\n97T1, 97T2\r\n\r\n1998\r\n\r\n98T1, 98T2\r\n\r\n1999\r\n\r\n99T1, 99T2\r\n\r\n2000\r\n\r\n00T1, 00T2\r\n\r\n2001\r\n\r\n01T1, 01T2, 01T3, 01T4\r\n\r\n2002\r\n\r\n0 2T1, 02T2, 02T3, 02T4, 02T5\r\n\r\n2003\r\n\r\n03T1, 03T2, 03T3, 03T4\r\n\r\n2004\r\n\r\n04T1, 04T2, 04T3, 04T4, 04TLT\r\n\r\n2005\r\n\r\n05T1, 05T2, 05T3, 05T4, 05TLT\r\n\r\n2006\r\n\r\n06T1, 06T2, 06T3, 06T4, 06TLT\r\n\r\n2007\r\n\r\n07T1, 07T2, 07T3, 07T4, 07TLT\r\n\r\n2008\r\n\r\n08T1, 08T2, 08T3, 08T4, 08TLT, 08TLTQN, 08TLTSQ\r\n\r\n2009\r\n\r\n09T1, 09T2, 09T3, 09T4, 09TLT\r\n\r\n2010\r\n\r\n10T1, 10T1H2LT, 10T1LT, 10T2, 10T2H2LT, 10T2LT, 10T3, 10T4, 10TLTPY, 10TLTSG\r\n\r\n2011\r\n\r\n11ÐBCLC, 11T1, 11T2, 11T3, 11T4, 11TLT.CNTT, 11TLTH2, 11TLTPY\r\n\r\n2012\r\n\r\n12TLT, 12TLT.CNTT 12T1,12T2,12T3, 12T4\r\n\r\n2013	13TCLC', 'phamnguyenanhphat2003', '2023-12-10', 16),
(33, 7, 'Danh sách Cựu sinh viên Đại học', 'media/post/default.jpg', 'Danh sách Cựu sinh viên Đại học', 'Khóa vào trường\r\n\r\nDanh sách các lớp\r\n\r\n1992\r\n\r\n92T\r\n\r\n1993\r\n\r\n93T\r\n\r\n1994\r\n\r\n94T, 94T1BB, 94T2BB\r\n\r\n1995\r\n\r\n95T\r\n\r\n1996\r\n\r\n96T1, 96T2\r\n\r\n1997\r\n\r\n97T1, 97T2\r\n\r\n1998\r\n\r\n98T1, 98T2\r\n\r\n1999\r\n\r\n99T1, 99T2\r\n\r\n2000\r\n\r\n00T1, 00T2\r\n\r\n2001\r\n\r\n01T1, 01T2, 01T3, 01T4\r\n\r\n2002\r\n\r\n0 2T1, 02T2, 02T3, 02T4, 02T5\r\n\r\n2003\r\n\r\n03T1, 03T2, 03T3, 03T4\r\n\r\n2004\r\n\r\n04T1, 04T2, 04T3, 04T4, 04TLT\r\n\r\n2005\r\n\r\n05T1, 05T2, 05T3, 05T4, 05TLT\r\n\r\n2006\r\n\r\n06T1, 06T2, 06T3, 06T4, 06TLT\r\n\r\n2007\r\n\r\n07T1, 07T2, 07T3, 07T4, 07TLT\r\n\r\n2008\r\n\r\n08T1, 08T2, 08T3, 08T4, 08TLT, 08TLTQN, 08TLTSQ\r\n\r\n2009\r\n\r\n09T1, 09T2, 09T3, 09T4, 09TLT\r\n\r\n2010\r\n\r\n10T1, 10T1H2LT, 10T1LT, 10T2, 10T2H2LT, 10T2LT, 10T3, 10T4, 10TLTPY, 10TLTSG\r\n\r\n2011\r\n\r\n11ÐBCLC, 11T1, 11T2, 11T3, 11T4, 11TLT.CNTT, 11TLTH2, 11TLTPY\r\n\r\n2012\r\n\r\n12TLT, 12TLT.CNTT 12T1,12T2,12T3, 12T4\r\n\r\n2013	13TCLC', 'phamnguyenanhphat2003', '2023-12-10', 16),
(34, 7, 'Danh sách Cựu sinh viên Đại học', 'media/post/default.jpg', 'Danh sách Cựu sinh viên Đại học', 'Khóa vào trường\r\n\r\nDanh sách các lớp\r\n\r\n1992\r\n\r\n92T\r\n\r\n1993\r\n\r\n93T\r\n\r\n1994\r\n\r\n94T, 94T1BB, 94T2BB\r\n\r\n1995\r\n\r\n95T\r\n\r\n1996\r\n\r\n96T1, 96T2\r\n\r\n1997\r\n\r\n97T1, 97T2\r\n\r\n1998\r\n\r\n98T1, 98T2\r\n\r\n1999\r\n\r\n99T1, 99T2\r\n\r\n2000\r\n\r\n00T1, 00T2\r\n\r\n2001\r\n\r\n01T1, 01T2, 01T3, 01T4\r\n\r\n2002\r\n\r\n0 2T1, 02T2, 02T3, 02T4, 02T5\r\n\r\n2003\r\n\r\n03T1, 03T2, 03T3, 03T4\r\n\r\n2004\r\n\r\n04T1, 04T2, 04T3, 04T4, 04TLT\r\n\r\n2005\r\n\r\n05T1, 05T2, 05T3, 05T4, 05TLT\r\n\r\n2006\r\n\r\n06T1, 06T2, 06T3, 06T4, 06TLT\r\n\r\n2007\r\n\r\n07T1, 07T2, 07T3, 07T4, 07TLT\r\n\r\n2008\r\n\r\n08T1, 08T2, 08T3, 08T4, 08TLT, 08TLTQN, 08TLTSQ\r\n\r\n2009\r\n\r\n09T1, 09T2, 09T3, 09T4, 09TLT\r\n\r\n2010\r\n\r\n10T1, 10T1H2LT, 10T1LT, 10T2, 10T2H2LT, 10T2LT, 10T3, 10T4, 10TLTPY, 10TLTSG\r\n\r\n2011\r\n\r\n11ÐBCLC, 11T1, 11T2, 11T3, 11T4, 11TLT.CNTT, 11TLTH2, 11TLTPY\r\n\r\n2012\r\n\r\n12TLT, 12TLT.CNTT 12T1,12T2,12T3, 12T4\r\n\r\n2013	13TCLC', 'phamnguyenanhphat2003', '2023-12-10', 25),
(35, 7, 'Danh sách Cựu sinh viên Đại học', 'media/post/default.jpg', 'Danh sách Cựu sinh viên Đại học', 'Khóa vào trường\r\n\r\nDanh sách các lớp\r\n\r\n1992\r\n\r\n92T\r\n\r\n1993\r\n\r\n93T\r\n\r\n1994\r\n\r\n94T, 94T1BB, 94T2BB\r\n\r\n1995\r\n\r\n95T\r\n\r\n1996\r\n\r\n96T1, 96T2\r\n\r\n1997\r\n\r\n97T1, 97T2\r\n\r\n1998\r\n\r\n98T1, 98T2\r\n\r\n1999\r\n\r\n99T1, 99T2\r\n\r\n2000\r\n\r\n00T1, 00T2\r\n\r\n2001\r\n\r\n01T1, 01T2, 01T3, 01T4\r\n\r\n2002\r\n\r\n0 2T1, 02T2, 02T3, 02T4, 02T5\r\n\r\n2003\r\n\r\n03T1, 03T2, 03T3, 03T4\r\n\r\n2004\r\n\r\n04T1, 04T2, 04T3, 04T4, 04TLT\r\n\r\n2005\r\n\r\n05T1, 05T2, 05T3, 05T4, 05TLT\r\n\r\n2006\r\n\r\n06T1, 06T2, 06T3, 06T4, 06TLT\r\n\r\n2007\r\n\r\n07T1, 07T2, 07T3, 07T4, 07TLT\r\n\r\n2008\r\n\r\n08T1, 08T2, 08T3, 08T4, 08TLT, 08TLTQN, 08TLTSQ\r\n\r\n2009\r\n\r\n09T1, 09T2, 09T3, 09T4, 09TLT\r\n\r\n2010\r\n\r\n10T1, 10T1H2LT, 10T1LT, 10T2, 10T2H2LT, 10T2LT, 10T3, 10T4, 10TLTPY, 10TLTSG\r\n\r\n2011\r\n\r\n11ÐBCLC, 11T1, 11T2, 11T3, 11T4, 11TLT.CNTT, 11TLTH2, 11TLTPY\r\n\r\n2012\r\n\r\n12TLT, 12TLT.CNTT 12T1,12T2,12T3, 12T4\r\n\r\n2013	13TCLC', 'phamnguyenanhphat2003', '2023-12-10', 83);

-- --------------------------------------------------------

--
-- Table structure for table `user`
--

CREATE TABLE `user` (
  `id` varchar(50) NOT NULL DEFAULT '',
  `full_name` varchar(50) DEFAULT NULL,
  `phone_number` varchar(50) DEFAULT NULL,
  `email` varchar(50) DEFAULT NULL,
  `role` varchar(50) NOT NULL,
  `address` varchar(50) NOT NULL,
  `avatar` varchar(50) NOT NULL,
  `about` varchar(1000) NOT NULL
) ENGINE=InnoDB DEFAULT CHARSET=utf8mb4 COLLATE=utf8mb4_general_ci;

--
-- Dumping data for table `user`
--

INSERT INTO `user` (`id`, `full_name`, `phone_number`, `email`, `role`, `address`, `avatar`, `about`) VALUES
('leanhtuan2002', 'Lê Anh Tuấn', '0123456789', 'lea.tuan021211@gmail.com', 'AD', 'Quảng Bình', '', ''),
('maivanha', 'Mai Văn Hà', '0123456789', 'maivanha@gmail.com', 'GV', 'Đà Nẵng', '', ''),
('phamnguyenanhphat2003', 'Phạm Nguyễn Anh Phát', '0383600431', 'phatanhpham@gmail.com', 'AD', 'Quảng Nam', '', ''),
('tranductri2003', 'Trần Đức Tríiii', '0944948006', 'tranductri2003@gmail.com', 'GV', 'Đà Nẵng', '', 'Yêu THương');

--
-- Indexes for dumped tables
--

--
-- Indexes for table `account`
--
ALTER TABLE `account`
  ADD PRIMARY KEY (`username`);

--
-- Indexes for table `category`
--
ALTER TABLE `category`
  ADD PRIMARY KEY (`id`) USING BTREE;

--
-- Indexes for table `post`
--
ALTER TABLE `post`
  ADD PRIMARY KEY (`id`) USING BTREE,
  ADD KEY `FK_post_user` (`author`),
  ADD KEY `FK_post_category` (`category`) USING BTREE;

--
-- Indexes for table `user`
--
ALTER TABLE `user`
  ADD PRIMARY KEY (`id`) USING BTREE;

--
-- AUTO_INCREMENT for dumped tables
--

--
-- AUTO_INCREMENT for table `category`
--
ALTER TABLE `category`
  MODIFY `id` int(11) NOT NULL AUTO_INCREMENT, AUTO_INCREMENT=8;

--
-- AUTO_INCREMENT for table `post`
--
ALTER TABLE `post`
  MODIFY `id` int(11) NOT NULL AUTO_INCREMENT, AUTO_INCREMENT=36;

--
-- Constraints for dumped tables
--

--
-- Constraints for table `post`
--
ALTER TABLE `post`
  ADD CONSTRAINT `FK_post_category` FOREIGN KEY (`category`) REFERENCES `category` (`id`) ON DELETE CASCADE ON UPDATE CASCADE,
  ADD CONSTRAINT `FK_post_user` FOREIGN KEY (`author`) REFERENCES `account` (`username`) ON DELETE CASCADE ON UPDATE CASCADE;

--
-- Constraints for table `user`
--
ALTER TABLE `user`
  ADD CONSTRAINT `FK_user_account` FOREIGN KEY (`id`) REFERENCES `account` (`username`) ON DELETE NO ACTION ON UPDATE NO ACTION;
COMMIT;

/*!40101 SET CHARACTER_SET_CLIENT=@OLD_CHARACTER_SET_CLIENT */;
/*!40101 SET CHARACTER_SET_RESULTS=@OLD_CHARACTER_SET_RESULTS */;
/*!40101 SET COLLATION_CONNECTION=@OLD_COLLATION_CONNECTION */;
