-- --------------------------------------------------------
-- Host:                         127.0.0.1
-- Server version:               10.4.27-MariaDB - mariadb.org binary distribution
-- Server OS:                    Win64
-- HeidiSQL Version:             12.3.0.6589
-- --------------------------------------------------------

/*!40101 SET @OLD_CHARACTER_SET_CLIENT=@@CHARACTER_SET_CLIENT */;
/*!40101 SET NAMES utf8 */;
/*!50503 SET NAMES utf8mb4 */;
/*!40103 SET @OLD_TIME_ZONE=@@TIME_ZONE */;
/*!40103 SET TIME_ZONE='+00:00' */;
/*!40014 SET @OLD_FOREIGN_KEY_CHECKS=@@FOREIGN_KEY_CHECKS, FOREIGN_KEY_CHECKS=0 */;
/*!40101 SET @OLD_SQL_MODE=@@SQL_MODE, SQL_MODE='NO_AUTO_VALUE_ON_ZERO' */;
/*!40111 SET @OLD_SQL_NOTES=@@SQL_NOTES, SQL_NOTES=0 */;


-- Dumping database structure for itf-department-portal
CREATE DATABASE IF NOT EXISTS `itf-department-portal` /*!40100 DEFAULT CHARACTER SET utf8mb4 COLLATE utf8mb4_general_ci */;
USE `itf-department-portal`;

-- Dumping structure for table itf-department-portal.account
CREATE TABLE IF NOT EXISTS `account` (
  `username` varchar(50) NOT NULL DEFAULT '',
  `password` varchar(50) NOT NULL DEFAULT '',
  PRIMARY KEY (`username`)
) ENGINE=InnoDB DEFAULT CHARSET=utf8mb4 COLLATE=utf8mb4_general_ci;

-- Dumping data for table itf-department-portal.account: ~8 rows (approximately)
DELETE FROM `account`;
INSERT INTO `account` (`username`, `password`) VALUES
	('emyeuthayha', '123456789'),
	('leanhtuan2002', '123456789'),
	('maivanha', '123456789'),
	('nguyentankhoi', '123456789'),
	('nguyenthexuanly', '123456789'),
	('nguyenvanhieu', '123456789'),
	('ninhkhanhduy', '123456789'),
	('phamminhtuan', '123456789'),
	('phamnguyenanhphat2003', '123456789'),
	('tranductri2003', '123456789');

-- Dumping structure for table itf-department-portal.category
CREATE TABLE IF NOT EXISTS `category` (
  `id` int(11) NOT NULL AUTO_INCREMENT,
  `title` varchar(50) DEFAULT NULL,
  PRIMARY KEY (`id`) USING BTREE
) ENGINE=InnoDB AUTO_INCREMENT=8 DEFAULT CHARSET=utf8mb4 COLLATE=utf8mb4_general_ci;

-- Dumping data for table itf-department-portal.category: ~7 rows (approximately)
DELETE FROM `category`;
INSERT INTO `category` (`id`, `title`) VALUES
	(1, 'Giới thiệu'),
	(2, 'Tuyển sinh'),
	(3, 'Đào tạo'),
	(4, 'Nghiên cứu khoa học'),
	(5, 'Hợp tác'),
	(6, 'Sinh viên'),
	(7, 'Cựu sinh viên');

-- Dumping structure for table itf-department-portal.post
CREATE TABLE IF NOT EXISTS `post` (
  `id` int(11) NOT NULL AUTO_INCREMENT,
  `category` int(11) NOT NULL,
  `title` varchar(5000) DEFAULT NULL,
  `image` varchar(5000) DEFAULT NULL,
  `excerpt` varchar(500) DEFAULT NULL,
  `content` varchar(5000) DEFAULT NULL,
  `author` varchar(50) DEFAULT NULL,
  `date` date DEFAULT NULL,
  `num_views` int(11) DEFAULT 0,
  PRIMARY KEY (`id`) USING BTREE,
  KEY `FK_post_user` (`author`),
  KEY `FK_post_category` (`category`) USING BTREE,
  CONSTRAINT `FK_post_category` FOREIGN KEY (`category`) REFERENCES `category` (`id`) ON DELETE CASCADE ON UPDATE CASCADE,
  CONSTRAINT `FK_post_user` FOREIGN KEY (`author`) REFERENCES `account` (`username`) ON DELETE CASCADE ON UPDATE CASCADE
) ENGINE=InnoDB AUTO_INCREMENT=77 DEFAULT CHARSET=utf8mb4 COLLATE=utf8mb4_general_ci;

-- Dumping data for table itf-department-portal.post: ~38 rows (approximately)
DELETE FROM `post`;
INSERT INTO `post` (`id`, `category`, `title`, `image`, `excerpt`, `content`, `author`, `date`, `num_views`) VALUES
	(38, 1, 'Bộ môn Công nghệ Phần mềm', NULL, 'Bộ môn Công nghệ Phần mềm, trực thuộc Khoa Công nghệ Thông tin được thành lập từ năm 2005. Bộ môn Công nghệ phần mềm chịu trách nhiệm đảm nhận giảng dạy các học phần về lĩnh vực phát triển phần mềm, như Cấu trúc dữ liệu, Phân tích và thiết kế thuật toán, Cơ sở dữ liệu, Phân tích và thiết kế hệ thống, Công nghệ phần mềm, Kiểm thử phần mềm, Lập trình, Quản trị dự án…', 'Giới thiệu\r\n\r\nBộ môn Công nghệ Phần mềm, trực thuộc Khoa Công nghệ Thông tin được thành lập từ năm 2005. Bộ môn Công nghệ phần mềm chịu trách nhiệm đảm nhận giảng dạy các học phần về lĩnh vực phát triển phần mềm, như Cấu trúc dữ liệu, Phân tích và thiết kế thuật toán, Cơ sở dữ liệu, Phân tích và thiết kế hệ thống, Công nghệ phần mềm, Kiểm thử phần mềm, Lập trình, Quản trị dự án… Bộ môn chịu trách nhiệm giảng dạy và hướng dẫn đồ án tốt nghiệp cho các sinh viên đăng ký theo học chuyên ngành Công nghệ phần mềm.\r\n\r\nChuyên ngành Công nghệ phần mềm trang bị kiến thức tổng quát về qui trình xây dựng, quản lý và bảo trì hệ thống phần mềm; có khả năng phân tích; thiết kế và quản lý các dự án phần mềm; cung cấp phương pháp luận và công nghệ mới để sinh viên có thể nắm bắt và làm chủ các tiến bộ khoa học. Sinh viên được cung cấp kiến thức cơ bản về tổ chức và quản lý công nghệ phần mềm để có khả năng xây dựng mô hình và áp dụng các nguyên tắc của công nghệ phần mềm vào thực tế. Sinh viên có thể làm lập trình viên, phát triển phần mềm, chuyên viên kiểm định và thử nghiệm phần mềm, lập dự án, lên kế hoạch, hoạch định chính sách phát triển phần mềm và các ứng dụng, trưởng nhóm phần mềm, kiểm định, thử nghiệm và đánh giá phần mềm, giám đốc dự án, giám đốc thông tin (CIO); ngoài ra sinh viên được trang bị kiến thức để có thể đảm nhiệm các chức danh.\r\n\r\n- Cán bộ nghiên cứu và ứng dụng Công nghệ thông tin ở các viện, trung tâm nghiên cứu và các trường đại học, cao đẳng\r\n- Giảng viên Công nghệ thông tin ở các trường đại học, cao đẳng, trung học chuyên nghiệp và dạy nghề\r\n- Cán bộ quản lý các dự án, các hệ thống thông tin quản lý, mạng truyền thông ở các cơ quan, ngành, tổng cục, công ty\r\n- Tiếp tục được đào tạo sau đại học để nhận các trình độ thạc sĩ và tiến sĩ, trở thành các chuyên gia trong lĩnh vực CNTT\r\n\r\nĐội ngũ cán bộ\r\n\r\nBộ môn gồm có 10 cán bộ, trong đó có 09 giảng viên, 01 cán bộ thực hành với 05 Tiến sỹ, 04 Thạc sỹ và 01 NCS.\r\n \r\nLiên hệ\r\n\r\nCác tổ chức, cá nhân, sinh viên, học viên cao học, nghiên cứu sinh quan tâm đến các lĩnh vực trên có thể liên hệ: nvhieuqt@dut.udn.vn', 'nguyenvanhieu', '2023-12-15', 9),
	(39, 1, 'Giới thiệu chung', NULL, 'Lịch sử hình thành và phát triển\r\n\r\n- Năm 1979, Bộ môn Kỹ thuật tính toán, trực thuộc Ban Giám Hiệu Trường Đại học Bách khoa Đà Nẵng được thành lập, với ba cán bộ giảng dạy đầu tiên.', 'Lịch sử hình thành và phát triển\r\n\r\n- Năm 1979, Bộ môn Kỹ thuật tính toán, trực thuộc Ban Giám Hiệu Trường Đại học Bách khoa Đà Nẵng được thành lập, với ba cán bộ giảng dạy đầu tiên.\r\n\r\n- Năm 1986, Trường Đại học Bách khoa Đà Nẵng nhận được máy tính điện tử МИНСК-22, thuộc thế hệ 2, chế tạo tại Liên-Xô.\r\n\r\n- Năm 1991, thành lập Trung tâm Tin Học dựa trên cơ sở Bộ môn Kỹ thuật tính toán, Trường Đại học Bách khoa.\r\n\r\n- Năm 1996, Bộ Giáo dục & Đạo tạo ra Quyết định số 4430/GD-ĐT ngày 17/10/1996 cho phép thành lập Khoa Công nghệ Thông tin (CNTT), trực thuộc Trường Đại học Kỹ thuật, Đại học Đà Nẵng. Trong suốt bốn năm từ 1996 đến 2000, Khoa CNTT là một trong bảy Khoa CNTT trọng điểm của Nhà nước trong chương trình Quốc gia về phát triển và ứng dụng CNTT ở Việt nam (theo Nghị quyết 49/CP ký ngày 03/08/1993 của Chính phủ).\r\n\r\n- Năm 1999, Khoa CNTT đào tạo khóa Cao học Khoa học Máy tính đầu tiên.\r\n\r\n- Năm 2001, Khoa CNTT đổi tên thành Khoa Công nghệ Thông tin & Điện tử Viễn thông.\r\n\r\n- Năm 2004, nhằm đáp ứng nhu cầu xã hội và sự lớn mạnh của ngành Công nghệ Thông tin, Khoa Công nghệ Thông tin & Điện tử Viễn thông được tách thành Khoa Công nghệ Thông tin và Khoa Điện tử Viễn thông.\r\n\r\nLãnh đạo Khoa qua các thời kỳ\r\n\r\n- 1979 – 1984: KS. Huỳnh Đốc, Trưởng Bộ môn Kỹ thuật tính toán và CN. Bùi Thị Hoàng, Phó trưởng Bộ môn.\r\n\r\n- 1984 – 1986: TS. Phan Huy Khánh, Trưởng Bộ môn Máy tính điện tử.\r\n\r\n- 1986 – 1987: NGUT. Nguyễn Ngọc Diệp, Trưởng Bộ môn Máy tính điện tử.\r\n\r\n- 1987 – 1988: KS. Võ Ngọc Anh, Trưởng Bộ môn Máy tính điện tử.\r\n\r\n- 1988 – 1989: KS. Lê Văn Sơn, Trưởng Bộ môn Máy tính (hợp nhất Bộ môn Máy tính điện tử của Trường Đại học Bách khoa và Bộ môn Tin học của phân hiệu Đại học Kinh tế Đà Nẵng).\r\n\r\n- 1989 – 1991: CN. Tạ Văn Tới, Trưởng Bộ môn Máy tính.\r\n\r\n- 1991 – 1994: PGS. TSKH. Trần Quốc Chiến, Giám đốc Trung tâm Tin học (Phó Giám đốc: ThS. Võ Ngọc Anh và KS. Lê Văn Sơn).\r\n\r\n- 1994 – 1999: TS. Phan Huy Khánh, Trưởng Khoa Công nghệ Thông tin.\r\n\r\n- 1999 – 2004: ThS. Phạm Vĩnh Minh, Trưởng Khoa Công nghệ Thông tin – Điện tử Viễn thông.\r\n\r\n- 2004 – 2009: ThS. Đặng Bá Lư, Trưởng Khoa Công nghệ Thông tin.\r\n\r\n- 2010 – 2020: PGS. TS. Nguyễn Thanh Bình, Trưởng Khoa Công nghệ Thông tin.\r\n\r\n- 2020 – nay: PGS. TS. Nguyễn Tấn Khôi, Trưởng Khoa Công nghệ Thông tin.\r\n\r\nĐào tạo\r\n\r\nKhoa Công nghệ Thông tin tuyển sinh và đào tạo các bậc:\r\n\r\n- Kỹ sư, cử nhân ngành Công nghệ Thông tin (chương trình đặc thù - hợp tác doanh nghiệp, chương trình CLC ngoại ngữ Nhật, chuyên ngành Khoa học dữ liệu và Trí tuệ nhân tạo);\r\n- Thạc sỹ ngành Khoa học Máy tính;\r\n- Tiến sỹ ngành Khoa học Máy tính.\r\n\r\nNgoài ra, Khoa còn có các chương trình đào tạo Chất lượng cao:\r\n\r\n- Chương trình đào tạo Chất lượng cao PFIEV Việt - Pháp, ngành Công nghệ Thông tin, hợp tác với Đại học Polytech Marseille và Đại học Bách khoa Grenoble, CH Pháp.\r\n \r\n\r\nNghiên cứu khoa học\r\n\r\nCác hướng nghiên cứu chính của cán bộ, giảng viên của Khoa gồm:\r\n\r\n- Xử lý ngôn ngữ tự nhiên\r\n- Kiểm thử phần mềm\r\n- Hệ thống thông tin và Cơ sở dữ liệu\r\n- Mô hình hóa hình học\r\n- Học máy\r\n- Xử lý ảnh và tín hiệu\r\n\r\nCơ sở vật chất\r\n\r\nKhoa Công nghệ Thông tin có khu thí nghiệm gồm nhiều trang thiết bị và hơn 300 máy tính phục vụ cho các hoạt động nghiên cứu và giảng dạy:\r\n\r\n- Trung tâm nghiên cứu DATIC\r\n- Phòng thí nghiệm nhúng Nokia\r\n- Phòng thí nghiệm mạng CISCO\r\n- Phòng thí nghiệm phần mềm\r\n- Phòng thí nghiệm phần cứng', 'nguyenvanhieu', '2023-12-15', 4),
	(40, 1, 'Cơ cấu tổ chức', NULL, 'Ban lãnh đạo Khoa nhiệm kỳ 2020-2025\r\n\r\n', 'Ban lãnh đạo Khoa nhiệm kỳ 2020-2025\r\n\r\nTrưởng khoa: PGS.TS. Nguyễn Tấn Khôi\r\n\r\nEmail: ntkhoi@dut.udn.vn; ĐT: 0903 511 888\r\nPhụ trách: Quản lý chung các hoạt động của Khoa; Công tác quy hoạch phát triển; Công tác quản lý nhân sự, đào tạo và bồi dưỡng cán bộ; Công tác đào tạo Thạc sỹ; Hội đồng Khoa học và Đào tạo; Quan hệ với các đơn vị đào tạo trong nước; Công tác thi đua khen thưởng; Quản lý trang thiết bị và cơ sở vật chất; Đào tạo Kỹ sư Chất lượng cao PFIEV, ngành Công nghệ Thông tin (hợp tác với Đại học Polytech Marseille và Đại học Bách khoa Grenoble).\r\n\r\nPhó Trưởng khoa: TS. Đặng Hoài Phương\r\n\r\nEmail: dhphuong@dut.udn.vn; ĐT: 0935 578 555\r\nPhụ trách: Công tác đào tạo Đại học; Quan hệ với các đối tác doanh nghiệp trong và ngoài nước; Công tác sinh viên và giảng viên chủ nhiệm; Công tác Đoàn thanh niên; Công tác Kiểm định chất lượng; Quản lý truyền thông và hệ thống Website của Khoa.\r\n\r\nPhó Trưởng khoa: TS. Phạm Công Thắng\r\n\r\nEmail: pcthang@dut.udn.vn; ĐT: 0905 983 126\r\nPhụ trách: Công tác đào tạo sau đại học (Quản lý cao học, CTĐT thạc sĩ Khoa học máy tính), Công tác hợp tác quốc tế; Công tácnghiên cứu khoa học của CBGV Khoa; Công tác nghiên cứu khoa học của sinh viên Khoa CNTT; Giúp Trưởng Khoa điều hành công việc chung của Khoa khi được Trưởng Khoa uỷ quyền.\r\n\r\n', 'nguyenvanhieu', '2023-12-15', 53),
	(41, 1, 'Cơ sở vật chất', NULL, 'Khu hành chính của Khoa Công nghệ Thông tin gồm Văn phòng khoa, phòng họp, phòng làm việc Khoa, các Bộ môn và Trung tâm nghiên cứu DATIC.', 'Khu hành chính của Khoa Công nghệ Thông tin gồm Văn phòng khoa, phòng họp, phòng làm việc Khoa, các Bộ môn và Trung tâm nghiên cứu DATIC.\r\nKhu thí nghiệm của Khoa Công nghệ Thông tin gồm nhiều trang thiết bị và hơn 300 máy tính phục vụ cho các hoạt động nghiên cứu và giảng dạy. Khoa có các phòng thí nghiệm:\r\n\r\n- Trung tâm xuất sắc IBM\r\n\r\n- Phòng thí nghiệm nhúng Nokia\r\n\r\n- Phòng thí nghiệm mạng CISCO\r\n\r\n- Phòng thí nghiệm phần mềm\r\n\r\n- Phòng thí nghiệm phần cứng', 'nguyenvanhieu', '2023-12-15', 48),
	(42, 1, 'Bộ môn Mạng máy tính và Truyền thông', NULL, 'Bộ môn Mạng máy tính và Truyền thông được thành lập vào năm 2005, bộ môn đảm nhiệm chức năng đào tạo giảng dạy các môn học chuyên ngành thuộc lĩnh vực Mạng máy tính và Truyền thông, phục vụ cho các loại hình đào tạo: đại học, cao học và nghiên cứu sinh. Cùng với nhiệm vụ đào tạo, Bộ môn có nhiều công trình nghiên cứu đã được đăng tải trên các tạp chí chuyên ngành có uy tín trong nước và quốc tế', 'Giới thiệu\r\n\r\nBộ môn Mạng máy tính và Truyền thông được thành lập vào năm 2005, bộ môn đảm nhiệm chức năng đào tạo giảng dạy các môn học chuyên ngành thuộc lĩnh vực Mạng máy tính và Truyền thông, phục vụ cho các loại hình đào tạo: đại học, cao học và nghiên cứu sinh. Cùng với nhiệm vụ đào tạo, Bộ môn có nhiều công trình nghiên cứu đã được đăng tải trên các tạp chí chuyên ngành có uy tín trong nước và quốc tế. Bộ môn cũng đã chủ trì và tham gia nhiều đề tài nghiên cứu khoa học, hợp tác trên nhiều lĩnh vực liên quan đến các hướng nghiên cứu chính của bộ môn. Nhiều cán bộ của Bộ môn đã chuyển công tác, giữ những công tác lãnh đạo trong các trường của Đại học Đà Nẵng.\r\n\r\nSinh viên sau khi học chuyên ngành Mạng và Truyền thông có khả năng nghiên cứu, thiết kế và phát triển phần mềm ứng dụng, các dịch vụ trên mạng Internet, mạng truyền thông di động Triển khai các công nghệ mạng máy tính, các hệ thống truyền thông đa phương tiện. Thiết kế, vận hành và quản lý các hệ thống mạng và truyền thông máy tính. Xây dựng và triển khai các giải pháp an toàn hệ thống và bảo mật thông tin.\r\n\r\nĐội ngũ cán bộ\r\n\r\nBộ môn gồm có 09 cán bộ, trong đó có 08 giảng viên và 01 cán bộ thực hành, trong đó có 01 Phó Giáo sư, 02 Tiến sĩ, 05 Thạc sỹ và 01 NCS.\r\nLiên hệ\r\n\r\nCác tổ chức, cá nhân, sinh viên, học viên cao học, nghiên cứu sinh quan tâm đến các lĩnh vực trên có thể liên hệ: pmtuan@dut.udn.vn\r\n', 'maivanha', '2023-12-15', 33),
	(43, 1, 'Bộ môn Hệ thống Nhúng', NULL, 'Ngày nay, các hệ thống nhúng xuất hiện ở nhiều nơi và được ứng dụng ở nhiều lĩnh khác nhau trong đời sống xã hội. Từ các thiết bị sử dụng trong đời sống hằng ngày như: tivi, tủ lạnh, máy giặt, điện thoại di động,… ', 'Giới thiệu\r\n\r\nNgày nay, các hệ thống nhúng xuất hiện ở nhiều nơi và được ứng dụng ở nhiều lĩnh khác nhau trong đời sống xã hội. Từ các thiết bị sử dụng trong đời sống hằng ngày như: tivi, tủ lạnh, máy giặt, điện thoại di động,… đến các thiết bị công nghệ, phương tiện cao cấp như ôtô, robot, các thiết bị y tế,… đều có ứng dụng các hệ thống nhúng.\r\n\r\nTrên cơ sở nhu cầu của xã hội, Khoa Công nghệ Thông tin đã thành lập Bộ môn Hệ thống Nhúng từ năm 2005. Bộ môn Hệ thống Nhúng chịu trách nhiệm nghiên cứu và giảng dạy các học phần về lĩnh vực phần cứng, lập trình trên vi xử lý, lập trình vi điều khiển, lập trình giao tiếp, lập trình di động và thiết bị cầm tay, phát triển các hệ thống giám sát và nhận dạng thông minh; đẩy mạnh nghiên cứu và chuyển giao công nghệ các hệ thống nhúng.\r\n\r\nSinh viên theo học chuyên ngành hệ thống nhúng được trang bị đầy đủ các kiến thức để có thể phát triển các ứng dụng trên thiết bị cầm tay, các ứng dụng trên điện thoại di động, các hệ thống thông minh điều khiển, giám sát các tòa nhà sử dụng cảm biến, xử lý âm thanh, hình ảnh, phát triển các ứng dụng mô phỏng và đánh giá chất lượng các hệ thống, …\r\n\r\nĐội ngũ cán bộ\r\n\r\nBộ môn gồm có 05 cán bộ, trong đó có 05 giảng viên với 04 Tiến sỹ và 01 NCS\r\n\r\nLiên hệ\r\n\r\nCác tổ chức, cá nhân, sinh viên, học viên cao học, nghiên cứu sinh quan tâm đến các lĩnh vực trên có thể liên hệ: nkduy@dut.udn.vn', 'ninhkhanhduy', '2023-12-15', 33),
	(44, 3, 'Đào tạo Kỹ sư Công nghệ thông tin ĐT Hợp tác doanh nghiệp', NULL, 'Mục tiêu chung của chương trình đào tạo chất lượng cao ngành Công nghệ Thông tin, Hợp tác Doanh nghiệp, trường Đại học Bách khoa - Đại học Đà Nẵng, là đào tạo sinh viên sau khi tốt nghiệp sẽ có kiến thức khoa học kỹ thuật, khả năng nắm vững nguyên lý, quy luật tự nhiên - xã hội;', 'I. Mục tiêu đào tạo:\r\n1. Mục tiêu chung\r\n\r\n     Mục tiêu chung của chương trình đào tạo chất lượng cao ngành Công nghệ Thông tin, Hợp tác Doanh nghiệp, trường Đại học Bách khoa - Đại học Đà Nẵng, là đào tạo sinh viên sau khi tốt nghiệp sẽ có kiến thức khoa học kỹ thuật, khả năng nắm vững nguyên lý, quy luật tự nhiên - xã hội; Năng lực nghiên cứu, ứng dụng và phát triển trong lĩnh vực Công nghệ thông tin; Kỹ năng mềm; khả năng sáng tạo; khả năng thích nghi với bối cảnh doanh nghiệp, xã hội và môi trường đa ngành, đa văn hóa, đa quốc gia; khả năng học tập suốt đời; Phẩm chất chính trị, đạo đức; Trách nhiệm nghề nghiệp với môi trường và xã hội; ý thức phục vụ cộng đồng và sức khỏe tốt.\r\n\r\n2. Mục tiêu cụ thể (POs)\r\n     Sinh viên sau từ 2 đến 3 năm tốt nghiệp chương trình đào tạo chất lượng cao ngành Công nghệ Thông tin, Hợp tác Doanh nghiệp, trường đại học Bách khoa – Đại học Đà Nẵng, sẽ có:\r\n\r\n     1. Kiến thức, kỹ thuật và công nghệ để giải quyết các vấn đề trong lĩnh vực CNTT.\r\n\r\n     2. Trách nhiệm nghề nghiệp, kỹ năng đánh giá các vấn đề trong lĩnh vực CNTT dựa trên các nguyên tắc về đạo đức và pháp lý.\r\n\r\n     3. Kỹ năng làm việc nhóm hiệu quả với tư cách là thành viên hoặc trưởng nhóm; Kỹ năng giao tiếp hiệu quả trong môi trường đa văn hóa, đa quốc gia.\r\n\r\n     4. Khả năng hình thành ý tưởng, thiết kế, triển khai và thương mại hóa sản phẩm; xác định và phân tích nhu cầu người dùng và doanh nghiệp trong lựa chọn, khởi tạo, tích hợp, đánh giá và quản trị các hệ thống tính toán; hiểu biết về kinh tế, chính trị, xã hội và môi trường để đóng góp vào sự phát triển bền vững của xã hội.\r\n\r\nII. Chuẩn đầu ra (PLOs)\r\n     Sinh viên tốt nghiệp chương trình đào tạo ngành CNTT chất lượng cao Hợp tác Doanh nghiệp (CLC-HTDN), Trường Đại học Bách khoa - Đại học Đà Nẵng, có khả năng:\r\n\r\n     1. Khả năng phân tích vấn đề tính toán phức tạp và áp dụng các nguyên lý trong tính toán cũng như trong các ngành liên quan để xác định các giải pháp.\r\n\r\n     2. Khả năng áp dụng kiến thức toán, khoa học, kỹ thuật và công nghệ để giải quyết các vấn đề trong lĩnh vực CNTT.\r\n\r\n     3. Khả năng thể hiện ý thức trách nhiệm nghề nghiệp và đưa ra các đánh giá dựa trên các nguyên tắc về đạo đức và pháp lý.\r\n\r\n     4. Khả năng lĩnh hội và áp dụng kiến thức mới và sử dụng các chiến lược học tập phù hợp.\r\n\r\n     5. Khả năng giao tiếp hiệu quả trong môi trường quốc tế và đa văn hóa.\r\n\r\n     6. Khả năng làm việc tích cực và hiệu quả với tư cách là thành viên hoặc trưởng nhóm khi tham gia vào các dự án của doanh nghiệp.\r\n\r\n     7. Khả năng hình thành ý tưởng, thiết kế, thực hiện và vận hành hệ thống CNTT trong bối cảnh doanh nghiệp, xã hội và môi trường.\r\n\r\n     8. Khả năng lựa chọn, xây dựng, tích hợp, đánh giá, quản trị các hệ thống tính toán dựa trên phân tích yêu cầu của người dùng và doanh nghiệp trong lĩnh vực CNTT.', 'nguyentankhoi', '2023-12-15', 270),
	(45, 3, 'Đào tạo Thạc sĩ Khoa học máy tính', NULL, 'Giới thiệu\r\n\r\nNhằm đáp ứng nhu cầu học tập và nâng cao kiến thức chuyên môn sâu, Khoa Công nghệ Thông tin, Trường Đại học Bách khoa đã xây dựng Chương trình đào tạo Thạc sỹ Khoa học Máy tính. Năm 1999, Khoa đã tuyển sinh khóa Thạc sỹ đầu tiên.', 'Giới thiệu\r\n\r\nNhằm đáp ứng nhu cầu học tập và nâng cao kiến thức chuyên môn sâu, Khoa Công nghệ Thông tin, Trường Đại học Bách khoa đã xây dựng Chương trình đào tạo Thạc sỹ Khoa học Máy tính. Năm 1999, Khoa đã tuyển sinh khóa Thạc sỹ đầu tiên.\r\n\r\nChương trình đào tạo Thạc sỹ được xây dựng nhằm cung cấp cho người học kiến thức rộng về lĩnh vực Công nghệ Thông tin nói chung, và chuyên sâu một số lĩnh vực hẹp, như Xử lý ngôn ngữ tự nhiên, Trí tuệ nhân tạo, Xử lý ảnh, Kiểm thử phần mềm, Mạng và truyền thông, Mô hình hóa hình học… cũng như giúp cho người học rèn luyện kỹ năng tự nghiên cứu và học hỏi.\r\n\r\nThời gian đào tạo: từ 1,5 đến 2 năm.\r\n\r\nKhung chương trình\r\n\r\nKhung chương trình đào tạo Thạc sỹ Khoa học Máy tính định hướng nghiên cứu gồm 50 tín chỉ, trong đó 23 tín chỉ là các học phần bắt buộc, 15 tín chỉ là các học phần tự chọn và 12 tín chỉ là luận văn tốt nghiệp.\r\n\r\nKhung chương trình đào tạo Thạc sỹ Khoa học Máy tính định hướng ứng dụng gồm 45 tín chỉ, trong đó 20 tín chỉ là các học phần bắt buộc, 15 tín chỉ là các học phần tự chọn và 10 tín chỉ là luận văn tốt nghiệp.\r\n\r\nXem Khung chương trình Thạc sỹ ngành Khoa học Máy tính\r\n\r\nChuẩn đầu ra\r\n\r\nChuẩn đầu ra chung\r\n\r\nSau khi hoàn thành chương trình đào tạo, Thạc sỹ ngành Khoa học máy tính có khả năng:\r\n\r\n- Giải quyết các vấn đề về khoa học máy tính nói riêng và công nghệ thông tin nói chung cũng như các lĩnh vực liên quan.\r\n\r\n- Thường xuyên rèn luyện và trau đồi các kỹ năng và đạo đức nghề nghiệp.\r\n\r\nChuẩn đầu ra cụ thể\r\n\r\n1. Theo định hướng nghiên cứu\r\n\r\n- Có khả năng vận dụng kiến thức chuyên ngành để giải quyết tốt các bài toán về khoa học máy tính và công nghệ thông tin.\r\n\r\n- Có khả năng tổ chức nhóm, lãnh đạo nhóm, giao tiếp.\r\n\r\n- Có khả năng tư duy hệ thống, tư duy sáng tạo và học tập suốt đời.\r\n\r\n- Có khả năng nhận thức bối cảnh xã hội, bối cảnh lĩnh vực, tự thực hiện các nghiên cứu khoa học độc lập cũng như phối hợp thực hiện nghiên cứu khoa học.\r\n\r\n- Có khả năng tiếp tục học Tiến sỹ ngành Khoa học máy tính.\r\n\r\n- Có trình độ ngoại ngữ B1 theo khung tham chiếu châu Âu.\r\n\r\n2. Theo định hướng ứng dụng\r\n\r\n- Có khả năng vận dụng kiến thức chuyên ngành để giải quyết tốt các bài toán về khoa học máy tính và công nghệ thông tin đặt ra trong bối cảnh thực tiễn của cơ quan và doanh nghiệp.\r\n\r\n- Có khả năng tổ chức nhóm, lãnh đạo nhóm, giao tiếp.\r\n\r\n- Có khả năng tư duy hệ thống, tư duy sáng tạo và học tập suốt đời.\r\n\r\n- Có trình độ ngoại ngữ B1 theo khung tham chiếu châu Âu.\r\n\r\nChỉ tiêu tuyển sinh\r\n\r\nKhoa Công nghệ Thông tin tuyển sinh 50 học viên / năm.\r\n\r\nĐiều kiện dự thi\r\n\r\nĐiều kiện văn bằng, người dự thi phải thỏa mãn một trong các điều kiện sau:\r\n\r\n- Có bằng tốt nghiệp đại học ngành đúng hoặc phù hợp với ngành CNTT.\r\n\r\n- Có bằng tốt nghiệp đại học hệ chính quy hoặc hệ tại chức ngành gần với ngành CNTT, đã học bổ sung các học phần để có trình độ tương đương với bằng tốt nghiệp đại học ngành đúng.\r\n\r\nĐiều kiện thâm niên công tác, người có bằng tốt nghiệp đại học ngành đúng hoặc phù hợp với ngành CNTT được đăng ký dự thi ngay sau khi tốt nghiệp; đối với những trường hợp còn lại, người dự thi phải có ít nhất 01 năm công tác trong lĩnh vực chuyên môn phù hợp với ngành CNTT kể từ khi tốt nghiệp đại học.\r\n\r\nCác môn thi tuyển\r\n\r\nThí sinh dự thi ba môn: Toán rời rạc, Kỹ thuật lập trình và Ngoại ngữ. Xem chi tiết tại website: http://www.kh-sdh.udn.vn.', 'nguyentankhoi', '2023-12-15', 159),
	(46, 3, 'Đào tạo Tiến sĩ', NULL, 'Giới thiệu\r\n\r\nKhoa Công nghệ Thông tin (CNTT) là một trong số các Khoa đào tạo đầy đủ các cấp bậc khác nhau (Kĩ sư, Thạc sĩ, Tiến sĩ) tại Trường Đại học Bách Khoa, Đại học Đà Nẵng. Với nhiệm vụ đào tạo được giao, Khoa CNTT không ngừng phát triển lực lượng để đào tạo các nhà khoa học có trình độ chuyên sâu về các lĩnh vực: công nghệ phần mềm, kiểm thử, xử lý ảnh, xử lý tín hiệu, dịch tự động, máy học, mô hình hóa,…', 'Giới thiệu\r\n\r\nKhoa Công nghệ Thông tin (CNTT) là một trong số các Khoa đào tạo đầy đủ các cấp bậc khác nhau (Kĩ sư, Thạc sĩ, Tiến sĩ) tại Trường Đại học Bách Khoa, Đại học Đà Nẵng. Với nhiệm vụ đào tạo được giao, Khoa CNTT không ngừng phát triển lực lượng để đào tạo các nhà khoa học có trình độ chuyên sâu về các lĩnh vực: công nghệ phần mềm, kiểm thử, xử lý ảnh, xử lý tín hiệu, dịch tự động, máy học, mô hình hóa,…\r\n\r\nĐược giao nhiệm vụ đào tạo từ năm 2010, tuyển 10 nghiên cứu sinh khóa đầu tiên, đào tạo bậc tiến sĩ chuyên ngành Khoa học Máy tính phát triển không ngừng và hằng năm tiếp tục tuyển sinh 3 đến 5 nghiên cứu sinh.\r\n\r\nCác nghiên cứu sinh đã có nhiều đề tài, công trình nghiên cứu đăng trên các tạp chí trong và ngoài nước.\r\n\r\nMục tiêu chung\r\n\r\nĐào tạo Tiến sĩ chuyên ngành Khoa học máy tính có trình độ chuyên môn sâu cao về lĩnh vực Khoa học máy tính, có khả năng nghiên cứu và lãnh đạo nhóm nghiên cứu các lĩnh vực của chuyên ngành, có tư duy khoa học, có khả năng tiếp cận và giải quyết các vấn đề khoa học chuyên ngành, có khả năng trình bày – giới thiệu các nội dung khoa học, đồng thời có khả năng đào tạo các bậc Đại học và Cao học.\r\n\r\nChuẩn đầu ra\r\n\r\nKhi hoàn thành chương trình nghiên cứu, nghiên cứu sinh (NCS) có khả năng:\r\n\r\n- Khám phá, diễn giải và trao đổi kiến thức mới thông qua các nghiên cứu mới có chất lượng, có thể xuất bản được và được chấp nhận bởi cộng đồng;\r\n\r\n- Trình bày và bảo vệ các kết quả mới, đột phá của công trình nghiên cứu trong lĩnh vực “Khoa học Máy tính”;\r\n\r\n- Đóng vai trò chủ động trong công việc và phát triển các mối quan hệ chuyên môn với đối tác trong các hoàn cảnh cần thiết;\r\n\r\n- Hình thành các ý tưởng và giả thuyết khoa học một cách chủ động và độc lập; thiết kế, phát triển, hiện thực và thực thi các kế hoạch để đánh giá các ý tưởng và giả thuyết này;\r\n\r\n- Đánh giá các vấn đề hiện tại, các công trình nghiên cứu và học thuật tiên tiến trong lĩnh vực “Khoa học Máy tính” một cách sáng tạo và sâu sắc;\r\n\r\n- Có những kỹ năng cần thiết để làm việc như một nhà nghiên cứu khoa học làm việc có kinh nghiệm, có khả năng lãnh đạo trong lĩnh vực “Khoa học Máy tính”;\r\n\r\n- Đánh giá được những thành tựu của mình cũng như của người khác;\r\n\r\n- Khả năng tự định hướng và ra quyết định một cách hiệu quả trong những tình huống phức tạp, không dự báo trước;\r\n\r\n- Học tập một cách độc lập và có khả năng phát triển liên tục năng lực chuyên môn.\r\n\r\nThời gian đào tạo\r\n\r\nHệ không tập trung liên tục: 4 năm\r\n\r\nHệ tập trung: 3 năm\r\n\r\nChương trình đào tạo trình độ Tiến Sĩ', 'nguyentankhoi', '2023-12-15', 278),
	(47, 4, 'Các hướng nghiên cứu', NULL, 'Các định hướng nghiên cứu của Khoa CNTT tập trung vào những nội dung sau: software testing và software testability, speech processing, image processing & computer vision, embedded Systems, processing of natural languages, advanced database & information system, geometric modeling, grid computing và parallel processing. Mục tiêu của khoa là duy trì và phát triển nghiên cứu ở đẳng cấp quốc tế và hợp tác thường xuyên với các cơ sở  nghiên cứu ở trong và ngoài nước.', 'Mục tiêu và định hướng chiến lược\r\n\r\nCác định hướng nghiên cứu của Khoa CNTT tập trung vào những nội dung sau: software testing và software testability, speech processing, image processing & computer vision, embedded Systems, processing of natural languages, advanced database & information system, geometric modeling, grid computing và parallel processing. Mục tiêu của khoa là duy trì và phát triển nghiên cứu ở đẳng cấp quốc tế và hợp tác thường xuyên với các cơ sở  nghiên cứu ở trong và ngoài nước.\r\nCác hướng nghiên cứu chính\r\n\r\nSoftware testing và software testability\r\n\r\nKiểm tra được tiến hành để cung cấp cho các bên liên quan thông tin về chất lượng của sản phẩm hoặc dịch vụ được kiểm thử. Một số lĩnh vực liên quan: tìm ra lỗi và thiếu sót nhằm sửa chữa những lỗi đó, mutation testing, regression testing, interactive application testing.\r\n\r\n- Hợp tác với CTSYS team in Grenoble, France\r\n\r\n- Dự án Lotus\r\n\r\n- 2010-2012\r\n\r\n- Funded by French & Vietnamese governments\r\n\r\n- Analyze testability of reactive software\r\n\r\n  + Data-flow designs\r\n\r\n  + Finite state machines\r\n\r\nApplied to SCADE, SIMULINK and SCICOS environments\r\nmage processing & computer vision\r\n\r\nMục tiêu là tạo ra các hệ thống thông minh với các khả năng như cảm nhận, và suy nghĩ thông quahình ảnh thu nhận từ các thiết bị như camera/sensors. Một số lĩnh vực liên quan tới xử lý ảnh bao gồm image processing : low to high level, face và facial expression recognition, activity recognition: Fall, Walk,…, smart camera system.\r\n\r\n- Dự án Video surveillance\r\n\r\n  + Video surveillance of Medication Intake\r\n\r\n  + Video surveillance of Fall Detection\r\n\r\n  + Hợp tác với   DIRO in Montreal, Canada; with I&M in Marseille, France.\r\n\r\n  + Multi-view image segmentation\r\n\r\n- Hợp tác với Associate Professor Cai Jianfei’s group, School of Computer Engineering, Nanyang Technological University, Singapore\r\n\r\n- Image processing on FPGA\r\n\r\n  + Hợp tác với The Graduate School of Systems and Information Engineering, University of Tsukuba, Japan\r\n\r\nProcessing of natural languages\r\n\r\nMột số lĩnh vực liên quan: machine Translation (MT) & Computer-Aided Translation (CAT), natural Language Processing (NLP) & associated platforms, linguistic Data Resources Collection & Construction, information Systems Localization, automatic Recognition of Speech, Speakers, Sounds and Dialect.\r\n\r\n- Hợp tác với GETALP, France\r\n\r\n  + ERIM: A Network Enviroment for Multimodal Interpretation\r\n\r\n  + EOLSS-UNL:  Translation of an Online Encyclopedia Using\r\n\r\n  + Classical MT and Deconversion from UNL\r\n\r\n  + TRANSAT: Evaluation of Translation Corpora\r\n\r\n  + FEV:  Multilingual dictionary: French-Vietnamese via English\r\n\r\n - Hợp tác với NII, Japan\r\n\r\n  + UNL (Universal Networking Language)\r\n\r\n  + DSR (Digital Silk Road)\r\n\r\nAdvanced database & information system\r\n\r\nMột số lĩnh vực liên quan: Fuzzy Relation DataBase, Object-Oriented DataBase, Data Warehouse, Data mining\r\n\r\nComputer Networking & Parallel processing\r\n\r\nMộ số lĩnh vực liên quan:Computer networks, Distributed systems, Parallel processing, IDS Systems.', 'nguyenvanhieu', '2023-12-15', 63),
	(48, 4, 'Bài báo khoa học', NULL, '1	An English-Vietnamese Translation System Using Artificial Intelligence Approach . Nguyen Van Binh, Huynh Cong Phap, Springer\'s Lecture Notes in Artificial Intelligence LNCS/LNAI Series (indexed by ISI, EI, DBLP, Inspec, Scopus, etc.), ACIIDS 2018, 10	2018', '1	An English-Vietnamese Translation System Using Artificial Intelligence Approach . Nguyen Van Binh, Huynh Cong Phap, Springer\'s Lecture Notes in Artificial Intelligence LNCS/LNAI Series (indexed by ISI, EI, DBLP, Inspec, Scopus, etc.), ACIIDS 2018, 10\r\n\r\n2	Collaborative filtering recommendation with threshold value of the equipotential plane in implication field . Nguyen Tan Hoang, Huynh Huu Hung, Huynh Xuan Hiep, The 2nd International Conference on Machine Learning and Soft Computing (ICMLSC), 1, accepted\r\n\r\n3	Item-based collaborative filtering in the multi-criteria recommender system with ordered weighted averaging operator on sparse datasets . Tri Minh Huynh, Vu The Tran, Hung Huu Huynh, Hiep Xuan Huynh, The International Conference on Information and Communication Technology and Digital Convergence Business (ICIDB-2018), 1, accepted\r\n\r\n4	Matching-based depth camera and mirrors for 3D reconstruction . Trong Nguyen Nguyen, Huu Hung Huynh, Jean Meunier, Three-Dimensional Imaging, Visualization, and Display 2018, 1, accepted\r\n\r\n5	Assessment of gait normality using a depth camera and mirrors . Trong Nguyen Nguyen, Huu Hung Huynh, Jean Meunier, 2018 IEEE International Conference on Biomedical and Health Informatics, 1, accepted\r\n\r\n6	Solution for Ordered Weighted Averaging Operator for Making in The Interaction Multi-Criteria Decision in User-Based Collaborative Filtering Recommender System . Tri Minh Huynh, Vu The Tran, Hung Huu Huynh, Hiep Xuan Huynh, International Journal of Machine Learning and Computing (IJMLC), 1, accepted\r\n\r\n7	REPRESENTING CONTEXT IN ABBREVIATION EXPANSION USING MACHINE\r\nLEARNING APPROACH . Trieu Thi Ly Ly, Nguyen Van Quy, Ninh Khanh Duy, Huynh Huu Hung, Dang Duy Thang, In Proceedings of the 10th National Conference on Fundamental and Applied Information Technology Research (FAIR\' 10), ISBN: 978-604-913-614-6, 816-822', 'nguyenvanhieu', '2023-12-15', 143),
	(49, 4, 'Công trình nghiên cứu', NULL, '1\r\n\r\nNghiên cứu giải pháp và xây dựng hệ thống tạo nguồn tài nguyên lớn và đồng nhất phục vụ xử lý ngôn ngữ tự nhiên. Chủ nhiệm: PGS. TS. Huỳnh Công Pháp. Thành viên:  Mã số:  CNTT-01\r\n\r\nĐề tài cấp Bộ', '1\r\n\r\nNghiên cứu giải pháp và xây dựng hệ thống tạo nguồn tài nguyên lớn và đồng nhất phục vụ xử lý ngôn ngữ tự nhiên. Chủ nhiệm: PGS. TS. Huỳnh Công Pháp. Thành viên:  Mã số:  CNTT-01\r\n\r\nĐề tài cấp Bộ\r\n\r\n2\r\n\r\nSupporting Entrepreneurial Development in the Field of IT in Vietnamese HEIs – ICTentr. Chủ nhiệm: Pasi Malinen, Huỳnh Công Pháp (Điều phối viên, quản lý dự án ĐHĐN). Thành viên:  Mã số:  561492-EPP\r\n\r\nĐề tài Khác\r\n\r\n3\r\n\r\nNGHIÊN CỨU CÁC THUẬT TOÁN LẤY CẢM HỨNG TỪ TỰ NHIÊN VÀ ỨNG DỤNG VÀO BÀI\r\nTOÁN ƯỚC LƯỢNG NỖ LỰC PHÁT TRIỂN PHẦN MỀM. Chủ nhiệm: Lê Thị Mỹ Hạnh. Thành viên:  Mã số:  B2016-ĐN02-06\r\n\r\nĐề tài cấp ĐHĐN\r\n\r\n4\r\n\r\nNghiên cứu xây dựng hệ thống hỗ trợ chẩn đoán tiền tự kỷ ở trẻ. Chủ nhiệm: Nguyễn Văn Hiệu. Thành viên: Nguyễn Thị Trâm Anh, Phạm Thị Kim Thoa, Nguyễn Phúc Vinh. Mã số:  B2016-DNA-37-TT\r\n\r\nĐề tài cấp Bộ\r\n\r\n5\r\n\r\nNghiên cứu và xây dựng hệ thống chia sẻ tài liệu theo mô hình mạng xã hội cho Trường Đại học Bách khoa, Đại học Đà Nẵng. Chủ nhiệm: ThS. Võ Đức Hoàng. Thành viên: TS. Huỳnh Hữu Hưng. Mã số:  T2017-02-61\r\n\r\nĐề tài cấp cơ sở\r\n\r\n6\r\n\r\nXử lý tín hiệu video và nhận dạng cử chỉ hỗ trợ người khiếm thính hòa nhập cộng đồng. Chủ nhiệm: TS. Huỳnh Hữu Hưng. Thành viên: TS. Trần Thế Vũ, ThS. Võ Đức Hoàng, ThS. Nguyễn\r\nTrọng Nguyên, ThS. Huỳnh Tấn Tiến, ThS. Trần Anh Kiệt. Mã số:  B2016\r\n\r\nĐề tài cấp Bộ\r\n\r\n7\r\n\r\nNghiên cứu và xây dựng mô hình phân loại ảnh trong tự nhiên dựa trên các giải thuật deeplearning và cấu trúc không gian ảnh. Chủ nhiệm: Đặng Duy Thắng. Thành viên:  Mã số:  T2016-02-13\r\n\r\nĐề tài cấp cơ sở\r\n\r\n8\r\n\r\nNghiên cứu giải pháp hợp nhất tài nguyên và công cụ xử lý ngôn ngữ tự nhiên. Chủ nhiệm: Huỳnh Công Pháp. Thành viên: ThS. Nguyễn Văn Bình, ThS. Đặng Đại Thọ, ThS. Văn Đỗ Cẩm Vân. Mã số:  Đ2015-07-08\r\n\r\nĐề tài cấp ĐHĐN\r\n\r\n9\r\n\r\nDevelopment of Da Nang Entrepreneurship and Innovation Ecosystem (Phát triển hệ sinh thái khởi nghiệp và sáng tạo tại Đà Nẵng). Chủ nhiệm: Huỳnh Công Pháp. Thành viên: Trường CĐ Công nghệ Thông tin - Đại học Đà Nẵng; Viện nghiên cứu phát triển kinh tế xã hội TP. Đà Nẵng; Vườn ươm TP. Đà Nẵng; Công ty 9Startlab. Mã số:  PS001\r\n\r\nĐề tài Khác\r\n\r\n10\r\n\r\nNghiên cứu phương pháp phân cụm từ sử dụng phương pháp phân tích nhóm dựa trên đồ thị dendrogram - Ứng dụng nâng cao hiệu quả phân loại văn bản tiếng Việt tự động. Chủ nhiệm: Phạm Minh Tuấn. Thành viên:  Mã số:  Đ2015-02-132\r\n\r\nĐề tài cấp ĐHĐN', 'phamminhtuan', '2023-12-15', 218),
	(50, 4, 'Lý lịch khoa học', NULL, '1\r\n\r\nPGS. TS. Nguyễn Tấn Khôi\r\n\r\nhttp://scv.udn.vn/ntkhoi\r\n\r\nMô hình hóa hình học\r\nHệ phân tán\r\nXử lý song song', '1\r\nPGS. TS. Nguyễn Tấn Khôi\r\nhttp://scv.udn.vn/ntkhoi\r\nMô hình hóa hình học\r\nHệ phân tán\r\nXử lý song song\r\n\r\n2\r\nTS. Trương Ngọc Châu\r\nhttp://scv.udn.vn/truongngocchau\r\nCơ sở dữ liệu\r\nKhai phá dữ liệu\r\n\r\n3\r\nTS. Nguyễn Văn Hiệu\r\nhttp://scv.udn.vn/nguyenvanhieu\r\nHệ hổ trợ ra quyết định\r\nLý thuyết tối ưu\r\n\r\n4\r\n\r\nTS. Huỳnh Hữu Hưng\r\nhttp://scv.udn.vn/hhhung\r\nXử lý tín hiệu\r\nXử lý ảnh\r\nNhận dạng\r\nThị giác máy tính\r\n\r\n5\r\nTS. Đặng Hoài Phương\r\nhttp://scv.udn.vn/dhphuong\r\n\r\n6\r\nTS. Phạm Minh Tuấn\r\nhttp://scv.udn.vn/phamminhtuan\r\nHọc máy\r\nTrí tuệ nhân tạo\r\nSoft Computing\r\n\r\n7\r\nTS. Phạm Công Thắng\r\nhttp://scv.udn.vn/pcthang\r\nComputer Vision, Mathematical Image and Video Processing, Inverse Problems and Variational Methods, Deep Learning\r\n\r\n8\r\nThS. Đặng Thiên Bình\r\nhttp://scv.udn.vn/dtbinh\r\nModeling, Meta-modeling\r\nTesting & Testablility\r\n\r\n9\r\nTS. Ninh Khánh Duy\r\nhttp://scv.udn.vn/nkduy\r\nTổng hợp tiếng nói dựa trên mô hình Markov ẩn (HMM)\r\n\r\n10\r\nThS. Mai Văn Hà\r\nhttp://scv.udn.vn/mvha\r\nMạng thông tin và truyền thông\r\nHệ phân tán\r\nXử lý song song', 'phamminhtuan', '2023-12-15', 213),
	(52, 6, 'Liên Chi đoàn khoa và các hoạt động truyền thống', NULL, 'Thông tin về quy mô hoạt động:\r\n\r\nLCĐ Khoa CNTT gồm có 25 chi Đoàn: trong đó có 01 Chi Đoàn Giáo Viên và 24 Chi Đoàn Sinh Viên\r\n\r\nNgoài ra có một số CLB hoạt động dưới sự tổ chức của LCĐ như:\r\n\r\n- Đội CTXH thuộc khoa CNTT: Được thành lập bởi SV khoa CNTT năm 2014, đội CTXH trợ giúp BCH LCĐ tổ chức các hoạt động cho các bạn Sinh viên trong khoa. Ngoài ra đội còn tích cực tham gia các phong trào do Đoàn cấp trên tổ chức.', 'Thông tin về quy mô hoạt động:\r\n\r\nLCĐ Khoa CNTT gồm có 25 chi Đoàn: trong đó có 01 Chi Đoàn Giáo Viên và 24 Chi Đoàn Sinh Viên\r\n\r\nNgoài ra có một số CLB hoạt động dưới sự tổ chức của LCĐ như:\r\n\r\n- Đội CTXH thuộc khoa CNTT: Được thành lập bởi SV khoa CNTT năm 2014, đội CTXH trợ giúp BCH LCĐ tổ chức các hoạt động cho các bạn Sinh viên trong khoa. Ngoài ra đội còn tích cực tham gia các phong trào do Đoàn cấp trên tổ chức.\r\n\r\n- Nhóm Hy Vọng: Do nhóm sinh viên khoa Công Nghệ Thông Tin thành lập nên từ năm 2008, hoạt động với phương châm: “Nuôi dưỡng niềm tin – Thắp sáng hi vọng”, nhóm tích cực hoạt động với nhiệm vụ chủ yếu là dạy học và giúp đỡ các bạn đang theo học tại Trường Phổ Thông Chuyên Biệt Nguyễn Đình Chiểu ( Quận Liên Chiểu – Thành Phố Đà Nẵng).\r\n\r\nNhiệm vụ\r\n\r\nLCĐ Khoa CNTT thực hiện các nhiệm vụ chính sau:\r\n\r\n- Tham gia công tác giáo dục chính trị tư tưởng, giáo dục đạo đức cách mạng, giáo dục lối sống cho ĐVTN trong khoa.\r\n\r\n- Tổ chức các hoạt động văn hóa văn nghệ – thể dục thể thao nhằm nâng cao đời sống tinh thần, góp phần tập hợp, thu hút và định hướng giá trị cho ĐVTN trong khoa.\r\n\r\n- Tổ chức các cuộc thi, hoạt động về học thuật dành cho các ĐVTN trong khoa nhằm nâng cao kiến thức, sự hiểu biết về văn hóa, xã hội, lịch sử, địa lí địa phương và mở rộng.\r\n\r\n- Tham gia xây dựng môi trường học tập và sinh hoạt lành mạnh, góp phần nâng cao chất lượng học tập và NCKH trong sinh viên.\r\n\r\n- Xây dựng tổ chức Đoàn cơ sở, bồi dưỡng phát triển Đảng trong đoàn viên.\r\n\r\nCác hoạt động truyền thống LCĐ Khoa CNTT:\r\nNgoài công tác tổ chức các hoạt động truyền thống, LCĐ Khoa CNTT còn tích cực hưởng ứng tham gia các phong trào Đoàn do Đoàn Trường ĐHBK Đà Nẵng tổ chức như:\r\n\r\n- Phong trào văn nghệ, tham dự các buổi lễ kỷ niêm, meeting …\r\n\r\n- Hội trại chào mừng giải phóng TP Đà Nẵng hàng năm (tháng 03)\r\n\r\n- Giải bóng đá, bóng chuyền truyền thống do Đoàn Trường tổ chức hàng năm.\r\n\r\n- Phong trào tiếp sức mùa thi, tình nguyện mùa hè xanh …', 'maivanha', '2023-12-15', 73),
	(53, 6, 'Nhóm hy vọng', NULL, 'BƯỚC CHÂN TÌNH NGUYỆN!\r\n\r\n“Nuôi dưỡng niềm tin – Thắp sáng hi vọng” chính là slogan của câu lạc bộ tình nguyện mang tên “ Hi Vọng” do nhóm sinh viên khoa Công Nghệ Thông Tin ( CNTT) Trường Đại Học Bách Khoa thành lập nên từ năm 2008, với nhiệm vụ chủ yếu là dạy học và giúp đỡ các bạn đang theo học tại Trường Phổ Thông Chuyên Biệt Nguyễn Đình Chiểu ( Quận Liên Chiểu – Thành Phố Đà Nẵng).', 'BƯỚC CHÂN TÌNH NGUYỆN!\r\n\r\n“Nuôi dưỡng niềm tin – Thắp sáng hi vọng” chính là slogan của câu lạc bộ tình nguyện mang tên “ Hi Vọng” do nhóm sinh viên khoa Công Nghệ Thông Tin ( CNTT) Trường Đại Học Bách Khoa thành lập nên từ năm 2008, với nhiệm vụ chủ yếu là dạy học và giúp đỡ các bạn đang theo học tại Trường Phổ Thông Chuyên Biệt Nguyễn Đình Chiểu ( Quận Liên Chiểu – Thành Phố Đà Nẵng).\r\n\r\nNgay từ những ngày đầu mới thành lập, câu lạc bộ đã nhận được sự hưởng ứng rất nhiệt tình từ các bạn sinh viên khoa CNTT nói chung và các bạn sinh viên từ các trường trên địa bàn nói riêng. Sau gần 4 năm hoạt động thì cho đến bây giờ số thành viên của nhóm lên đến hơn 50 người.\r\n\r\n“ Nhóm mình hoạt động hoàn toàn dựa trên tinh thần tự nguyện, các thành viên cũng rất vui và hạnh phúc khi được góp một chút ít năng lực của mình để dạy học cho các bạn nhỏ ở đây. Mỗi cây, mỗi hoa, mỗi nhà, một cảnh, chính vì thế mà khi tiếp xúc với những bạn không may mắn trong không gian nhỏ này, tất cả các thành viên ai cũng rất nhiệt tình làm tốt nhiệm vụ, cùng trò chuyện, chia sẻ kinh nghiệm sống để các bạn không còn cảm giác sợ hãi, và tự tin hơn khi tiếp xúc với những cái mới.” – Đó là lời tâm sự của anh Lê Hồng Sơn – Sinh viên khoa CNTT đã tham gia nhóm được hai năm.\r\nNhóm Hi Vọng là nhóm được lập ra nhằm mục đích giúp đỡ một cách thường xuyên nhất cho các bạn học tại Trường Phổ Thông Chuyên Biệt Nguyễn Đình Chiểu. Đa số các bạn này đều bị khiếm thị, một số khác thì kém về một chức năng nào đó. Các bạn đều khao khát được học tập và làm việc như bao người bình thường khác.Và Trường PTCB NĐC đã đáp ứng nhu cầu đó.Tuy vậy các bạn vẫn khó có thể theo kịp bài vở, cũng như không thể đáp ứng được các yêu cầu của việc học tập một cách bài bản.\r\n\r\nCác bạn nhỏ ở đây gặp rất nhiều khó khăn trong sinh hoạt cũng như học tập, ngoài sự dạy dỗ rất chân thành từ các thầy cô giáo tại trường thì mỗi buổi tối trong tuần nhóm thường phân công từ 5 đến 7 bạn sinh viên đến để dạy học và giúp đỡ các em. Nhiều bạn không thể chép kịp bài vở – nhiệm vụ của chúng mình là đọc bài của bạn khác viết bằng chữ bình thường cho các bạn chép sang chữ Braille. Thầy cô không thể đọc được chữ Braille để chấm bài kiểm tra cho các bạn thì chúng mình sẽ để các bạn dịch chữ rồi chép sang chữ bình thường để các bạn nộp bài.Có nhiều bạn không theo kịp bài vở, không giải được các bài tập thì chúng mình sẽ hướng dẫn các bạn làm bài tập, giảng lại một số kiến thức, tất nhiên nếu khó quá thì các thành viên sẽ cùng nhau giải và chỉ cho các em hoặc về nhà suy nghĩ thêm. Ngoài ra các thành viên còn thu âm lại lời dẫn trong các trang sách để cho các bạn không thể đọc được có thể về nghe lại…. Đôi lúc chúng mình còn tâm sự, chia sẻ với các bạn để tạo niềm tin và ý chí trong học tập cũng như sinh hoạt cho các bạn.\r\nKhông những thế, nhóm còn nhận bán giúp tăm cho hội người mù của trường, tặng những món quà ý nghĩa tự tay làm và tổ chức các buổi liên hoan nhỏ cho các em nhân các dip lễ Tết, Trung Thu, Noel…để các em có thể cảm thấy ấm lòng hơn khi phải sống xa gia đình và người thân.\r\nMặc dù đôi khi còn gặp nhiều có khăn về việc đi lại, tham gia dạy học, việc sắp xếp thời gian, kinh phí để tổ chức các hoạt động cho các em nhưng tất cả các thành viên vẫn luôn cố gắng hết mình, tham gia bán hoa gây quỹ, gom góp sách vở cũ hay bao chai…để có thể giúp những mầm non tương lai này có thể phát triển hơn nữa, hòa đồng hơn nữa, hiểu biết hơn nữa những vấn đề của xã hội và cuộc sống bên ngoài, để khi bước vào đời các em không còn cảm giác tự ti, khép nép hay sợ hãi mà thay vào đó sẽ là sự tự tin của bản thân.\r\n\r\nChúng ta hãy cùng nhau chúc cho hoạt động của gia đình Hi Vọng này sẽ ngày càng lớn mạnh hơn nữa nhé! Để tương lai không chỉ có các em nhỏ tại trường PTCB NĐC được giúp đỡ mà còn nhiều tổ chức khác nữa.', 'maivanha', '2023-12-15', 27),
	(54, 1, 'Danh sách Cựu sinh viên Đại học', NULL, 'Danh sách Cựu sinh viên Đại học\r\n', '1992-92T\r\n\r\n1993-93T\r\n\r\n1994-94T, 94T1BB, 94T2BB\r\n\r\n1995-95T\r\n\r\n1996-96T1, 96T2\r\n\r\n1997-97T1, 97T2\r\n\r\n1998-98T1, 98T2\r\n\r\n1999-99T1, 99T2\r\n\r\n2000-00T1, 00T2\r\n\r\n2001-01T1, 01T2, 01T3, 01T4\r\n\r\n2002-02T1, 02T2, 02T3, 02T4, 02T5\r\n\r\n2003-03T1, 03T2, 03T3, 03T4\r\n\r\n2004-04T1, 04T2, 04T3, 04T4, 04TLT\r\n\r\n2005-05T1, 05T2, 05T3, 05T4, 05TLT\r\n\r\n2006-06T1, 06T2, 06T3, 06T4, 06TLT\r\n\r\n2007-07T1, 07T2, 07T3, 07T4, 07TLT\r\n\r\n2008-08T1, 08T2, 08T3, 08T4, 08TLT, 08TLTQN, 08TLTSQ\r\n\r\n2009-09T1, 09T2, 09T3, 09T4, 09TLT\r\n\r\n2010-10T1, 10T1H2LT, 10T1LT, 10T2, 10T2H2LT, 10T2LT, 10T3, 10T4, 10TLTPY, 10TLTSG\r\n\r\n2011-11ÐBCLC, 11T1, 11T2, 11T3, 11T4, 11TLT.CNTT, 11TLTH2, 11TLTPY\r\n\r\n2012-12TLT, 12TLT.CNTT 12T1,12T2,12T3, 12T4\r\n\r\n2013-13TCLC', 'ninhkhanhduy', '2023-12-15', 23),
	(55, 7, 'Danh sách Cựu học viên Cao học', NULL, 'Danh sách Cựu học viên Cao học\r\n', '1999-K1\r\n\r\n2000-K2\r\n\r\n2001-K3\r\n\r\n2002-K4\r\n\r\n2003-K5\r\n\r\n2004-K6\r\n\r\n2005-K7\r\n\r\n2006-K8\r\n\r\n2007-K9\r\n\r\n2008-K10\r\n\r\n2009-K11 tại Đà Nẵng, K11 tại Enclave, K11 tại Quảng Nam, K12\r\n\r\n2010-K13, K14, K14 tại Quy Nhơn\r\n\r\n2011-K15 tại Đà Nẵng, K15 tại Trà Vinh, K16 tại Đà Nẵng, K16 tại Quảng Bình\r\n\r\n2012-K23 tại Trà Vinh, K24 tại Quảng Bình, K25, K25 tại Trà Vinh\r\n\r\n2013-K26, K27\r\n\r\n2014-K28, K28 tại Trà Vinh\r\n\r\n2014-2016	K29, K29 Trà Vinh\r\n2015-2017	K30, K31 Trà Vinh, K31\r\n2016-2017	K32, K32 Trà Vinh', 'ninhkhanhduy', '2023-12-15', 106),
	(56, 6, 'Sinh viên Bách khoa đạt Huy chương Đồng tại Cuộc thi ICPC khu vực Châu Á, Jakarta 2023', 'media/post/image002.jpg', 'Tối ngày 03/12/2023, tại Lễ bế mạc Cuộc thi ICPC khu vực Châu Á Jakarta 2023, Đội tuyển BKDN.LeaderTurnsBack gồm 03 thành viên đến từ Khoa Công nghệ thông tin, Trường Đại học Bách khoa, Đại học Đà Nẵng (ĐHĐN) đã xuất sắc giành được Huy chương Đồng tại cuộc thi.', 'Tối ngày 03/12/2023, tại Lễ bế mạc Cuộc thi ICPC khu vực Châu Á Jakarta 2023, Đội tuyển BKDN.LeaderTurnsBack gồm 03 thành viên đến từ Khoa Công nghệ thông tin, Trường Đại học Bách khoa, Đại học Đà Nẵng (ĐHĐN) đã xuất sắc giành được Huy chương Đồng tại cuộc thi.\r\n\r\nTham dự cuộc thi lần này, Đại diện Việt Nam có 02 đội tham gia đều đến từ Khoa Công nghệ thông tin, Trường Đại học Bách khoa, ĐHĐN.\r\n\r\nĐội BKDN.LeaderTurnsBack gồm các thành viên:\r\n\r\n- Phan Đình Khôi - Lớp 19TCLC_DT2,\r\n\r\n- Lê Ngọc Bảo Anh - Lớp 23T_KHDL1,\r\n\r\n- Võ Đắc Bảo Ân - Lớp 21TCLC_DT1.\r\n\r\nBạn Lê Ngọc Bảo Anh - Lớp 23T_KHDL1 là sinh viên Khóa Tuyển sinh năm 2023, trúng tuyển thẳng theo Quy chế của Bộ Giáo dục và Đào tạo với thành tích Giải Nhất trong Kỳ thi chọn Học sinh giỏi Quốc gia môn Tin học.\r\n\r\nĐội BKDN.YuumiFullCrit gồm các thành viên:\r\n\r\n- Trần Viết Sơn - Lớp 21TCL_DT1;\r\n\r\n- Nguyễn Đức Nhã - Lớp 22T_KHDL;\r\n\r\n- Lưu Duy Quang - 22T_KHDL.\r\n\r\nĐây là lần đầu tiên đội tuyển ICPC của Trường Đại học Bách khoa, ĐHĐN tham gia vòng thi ICPC khu vực Châu Á và giành được Huy chương Đồng (Đội BKDN.LeaderTurnsBack). Đội BKDN.YuumiFullCrit cũng đã hoàn thành xuất sắc phần thi của mình với vị thứ xếp hạng 41/80 đội tham gia vòng này.\r\n\r\n“Ở site Indonesia, cơ cấu giải của Ban tổ chức (BTC) có sự khác biệt so với cơ cấu giải ở Việt Nam. Ở Việt Nam, mỗi trường chỉ lựa chọn 01 đội có số điểm cao nhất mới có Huy chương. Còn tại Indonesia, 01 trường có thể có nhiều Huy chương, cụ thể là National University of Singapore (NUS) đạt 07/12 Huy chương của vòng này. Còn lại 05 Huy chương chia cho 02 đội của Indonesia, 01 đội Đài Loan, 01 đội Việt Nam (Trường Đại học Bách khoa, ĐHĐN) và 01 của đội Nanyang Technological University (NTU), Singapore.\r\n\r\nCho nên mặc dù Huy chương Đồng nhưng chất lượng cao hơn Huy chương Bạc của 2 năm trước ở Việt Nam vì rank hôm nay cao hơn. Đồng thời tại cuộc thi năm nay có nhiều đội nước ngoài tham gia hơn.  Hy vọng tuần tới về Huế kết quả cũng tốt như vậy hoặc hơn cho dù site Huế còn nhiều đội mạnh hơn cả site Jakarta.” - TS. Phạm Minh Tuấn, Giảng viên chính Khoa Công nghệ Thông tin, Trường Đại học Bách khoa, ĐHĐN, Trưởng đoàn Việt Nam tham dự giải ICPC khu vực Châu Á, Jakarta 2023 chia sẻ.\r\n\r\nTrước đó, Đội tuyển BKDN.LeaderTurnsBack đã đạt cúp vô địch tại vòng loại khu vực miền Trung và tiếp tục xuất sắc đạt cúp vô đich ở cấp quốc gia để giành quyền tham gia vòng ICPC Khu vực Châu Á Jakarta lần này.\r\n\r\nỞ vòng loại khu vực miền Trung, Đội tuyển BKDN.LeaderTurnsBack đã xuất sắc vượt qua 546 đội tham gia cuộc thi, trong đó có 69 đội đến từ các trường Đại học ở khu vực miền Trung để dành cúp vô địch. Theo trang olp.vn thì ngoài Đội Vô địch khu vực miền Trung, 03 đội đồng giải Nhì và 05 đội đồng giải Ba cũng thuộc về đội tuyển sinh viên Trường Đại học Bách khoa. Theo thống kê từ Ban tổ chức, trong top 10 đội đầu bảng khu vực miền Trung có 04 đội của Trường Đại học Bách khoa, ĐHĐN và nếu xét trong tốp 15 đội thì Trường Đại học Bách khoa, Đại học Đà Nẵng có 09 đội lọt vào top này.\r\n\r\nỞ vòng thi cấp quốc gia, Đội BKDN.LeaderTurnsBack đã xuất sắc vượt qua tổng số 415 đội tuyển thi đấu ICPC Vietnam National tại 17 điểm thi tập trung toàn quốc để dành cúp vô địch. Đây cũng là đội tuyển duy nhất giải được 11/13 bài ở vòng thi quốc gia.\r\n\r\nVới thành tích xuất sắc tại vòng thi ICPC khu vực Châu Á, Jakarta 2023, vượt qua các đội tuyển mạnh đến từ các trường Đại học trong khu vực, đội BKDN.LeaderTurnsBack, Trường Đại học Bách khoa, ĐHĐN đã lập nên một thành tích hết sức ấn tượng, thể hiện chất lượng đào tạo nguồn nhân lực cao trong lĩnh vực Công nghệ thông tin của Trường Đại học Bách khoa, ĐHĐN.', 'phamminhtuan', '2023-12-15', 349),
	(57, 6, 'Sinh viên Trường Đại học Bách khoa Đà Nẵng vô địch cuộc thi lập trình Vietnam - 2023', 'media/post/Doi-BKDN-Leaderturnb-01.jpg', 'ICPC là cuộc thi lập trình quốc tế uy tín do Hội đồng ICPC khu vực châu Á - Thái Bình Dương phối hợp Hội Tin học Việt Nam (VUSTA) tổ chức thường niên.', 'ICPC Vietnam - 2023 được tổ chức trên hệ thống VNOJ theo hình thức chuẩn chấm test của ICPC. Mỗi đội dự thi được phát 1 đề thi (bằng tiếng Anh gồm 8 - 10 bài) và làm việc trên 1 máy tính trong khoảng 5 giờ.\r\n\r\nĐội tuyển sinh viên BKDN.LeadTurnBack của Trường Đại học Bách khoa Đà Nẵng gồm 3 thành viên đã xuất sắc vượt qua hơn 400 đội thi (17 điểm thi) đến từ các trường đại học, học viện trong cả nước để đoạt chức vô địch ICPC Vietnam - 2023.\r\n\r\nTrước đó vào ngày 22/10, đội BKDN.LeadTurnBack vượt qua vòng thi ICPC khu vực miền Trung cũng với thành tích vô địch. Tại ICPC Vietnam - 2023, Trường Đại học Bách khoa Đà Nẵng còn có 2 đội thi giành đồng giải Nhì và đồng giải Ba.\r\n\r\nĐược biết, Trường Đại học Bách khoa Đà Nẵng sẽ có 5 đội tuyển được tham dự ICPC khu vực châu Á - Thái Bình Dương dự kiến tổ chức tại TP.Huế vào tháng 12 tới.', 'phamminhtuan', '2023-12-15', 301),
	(58, 6, 'Trường Đại học Bách khoa, Đại học Đà Nẵng giành Cúp vô địch Kỳ thi lập trình ICPC Việt Nam 2023', 'media/post/image002 (1).jpg', 'Kỳ thi lập trình ICPC Việt Nam 2023 diễn ra từ ngày 04-05/11, Đội tuyển sinh viên (SV) BKDN.LeaderTurnsBack, Trường Đại học (ĐH) Bách khoa - ĐH Đà Nẵng đã xuất sắc giành được Cúp vô địch Kỳ thi lập trình ICPC Việt Nam 2023 và là đội tuyển duy nhất giải được 11/13 bài ở Vòng thi Quốc gia. Đây là lần đầu tiên đội tuyển Trường Đại học Bách khoa, Đại học Đà Nẵng đạt được thành tích xuất sắc này tại Kỳ thi Quốc gia ICPC.', 'Kỳ thi lập trình ICPC Việt Nam 2023 diễn ra từ ngày 04-05/11, Đội tuyển sinh viên (SV) BKDN.LeaderTurnsBack, Trường Đại học (ĐH) Bách khoa - ĐH Đà Nẵng đã xuất sắc giành được Cúp vô địch Kỳ thi lập trình ICPC Việt Nam 2023 và là đội tuyển duy nhất giải được 11/13 bài ở Vòng thi Quốc gia. Đây là lần đầu tiên đội tuyển Trường Đại học Bách khoa, Đại học Đà Nẵng đạt được thành tích xuất sắc này tại Kỳ thi Quốc gia ICPC.\r\n\r\nICPC là Cuộc thi lập trình quốc tế uy tín, truyền thống được tổ chức thường niên, dành cho SV các trường ĐH trong cả nước, quy tụ hầu hết các tài năng tin học trẻ của các trường ĐH Việt Nam, qua đó tạo môi trường sgiao lưu, tích lũy và phát triển kỹ năng, kinh nghiệm lập trình theo chuẩn quốc tế, nhằm phát hiện, tuyển chọn và bồi dưỡng các đội thi xuất sắc nhất, tiêu biểu và đại diện cho trí tuệ, bản lĩnh công nghệ thông tin của nước nhà hội nhập với khu vực và thế giới.\r\n\r\nICPC Vietnam 2023 được tổ chức trên Hệ thống VNOJ theo hình thức chuẩn chấm test của ICPC, theo đó mỗi đội dự thi được phát 01 đề thi (bằng tiếng Anh gồm có từ 08-10 bài). Mỗi đội làm việc trên 01 PC (trong khoảng thời gian 05 giờ), làm xong bài có quyền nộp bài và được chấm ngay (công bố kết quả trên Scoreboard online, nếu vượt qua toàn bộ số test sẽ được tính 01 điểm kèm theo chỉ số phụ là thời gian thực hiện bài đó).\r\n\r\nVòng loại cuộc thi ICPC 2023 có tổng cộng 546 đội tuyển tham gia cuộc thi, trong đó, có 69 đội đến từ các trường Đại học Miền Trung. Trường Đại học Bách khoa, Đại học Đà Nẵng có 36 sinh viên tham gia được chia làm 12 đội dự thi với mỗi đội thi gồm 03 thành viên. Trải qua vòng loại đầy cam go, kịch tính, đội BKDN.LeaderTurnsBack của Trường Đại học Bách khoa, Đại học Đà Nẵng đã xuất sắc giành được Ngôi vô địch khu vực miền Trung.\r\n\r\nĐội BKDN.LeaderTurnsBack gồm 03 thành viên: Phan Đình Khôi – Lớp 19TCLC_DT2, Lê Ngọc Bảo Anh – Lớp 23T_KHDL1, Võ Đắc Bảo Ân – Lớp 21TCLC_DT1. Sinh viên Lê Ngọc Bảo Anh – Lớp 23T_KHDL1 là sinh viên khóa tuyển sinh năm 2023, trúng tuyển thẳng theo Quy chế của Bộ Giáo dục và Đào tạo với thành tích Giải Nhất trong Kỳ thi chọn Học sinh giỏi Quốc gia môn Tin học.\r\n\r\nTại Vòng thi Quốc gia có tổng số 415 đội tuyển thi đấu ICPC Vietnam National tham gia thi đấu tại 17 điểm thi tập trung toàn quốc. Trường Đại học Bách khoa, ĐHĐN có tổng số 08 đội tham gia, bao gồm 07 đội chuyên tin và 01 đội không chuyên đội dự thi. Kết quả, Đội BKDN.LeaderTurnsBack đã xuất sắc giành được cúp vô địch của cuộc thi với thành tích 11/13 bài. Bên cạnh đó, Trường Đại học Bách khoa, ĐHĐN có  thêm 01 đội đồng giải Nhì với 08/13 bài, 01 đội đồng giải Ba với 07/13 bài, 02 đội khác lọt vào vòng tiếp theo với 05/13 và 06/13 bài.\r\n\r\nTS. Phạm Minh Tuấn – Giảng viên Khoa Công nghệ thông tin, Huấn luyện viên của đội tuyển cho biết: "Cuộc thi năm nay hội tụ rất nhiều đội mạnh trên toàn quốc. Từ những đội có thành viên huy chương vàng IOI thế giới đến những đội là vô địch vòng Asia 2 năm liên tiếp. Số lượng các đội cũng tăng nhiều hơn năm ngoái. Các đội tuyển của Nhà trường  được chuẩn bị kỹ từ tháng 6 nên không chỉ có đội Vô địch mà các đội còn lại đều có sự tiến bộ rõ rệt so với năm ngoái. Đội nào cũng có thể cạnh tranh giải".\r\n\r\nSinh viên Phan Đình Khôi – Lớp 19TCLC_DT2, đại diện đội Vô địch BKDN.LeaderTurnsBack bày tỏ sự  phấn khích và hạnh phúc khi quá trình của những tháng ngày chăm chỉ học tập rèn luyện đã đạt được thành quả. “Đề thi tại ICPC quốc gia 2023 rất thú vị và thách thức, yêu cầu phải áp dụng nhiều kiến thức thuật toán, kỹ năng lập trình và khả năng tư duy để giải quyết các bài toán phức tạp trong thời gian giới hạn. Các đội đến từ các trường đại học trên toàn quốc đều rất xuất sắc, có nhiều đội rất mạnh và đã có nhiều danh hiệu ICPC danh giá nên tụi em thật sự rất vui khi được thi đấu ở một cuộc thi có tính chuyên môn và cạnh tranh cao như vậy." - Đình Khôi chia sẻ\r\n\r\n“Sắp tới đội chúng em sẽ thi đấu hai cuộc thi ICPC Khu vực Châu Á tại Jakarta và Huế vào tháng 12 sắp tới. Đội sẽ cố gắng ôn luyện để đạt kết quả tốt nhất. Xa hơn, đội có mục tiêu dành được tấm vé tham dự ICPC World Finals tại vòng chung kết ICPC Khu vực Châu Á Thái Bình Dương diễn ra vào tháng 03/2024 tại Hà Nội.” - Đình Khôi cho biết thêm.\r\n\r\nVới thành tích xuất sắc tại ICPC Vietnam 2023, Trường ĐH Bách khoa - ĐH Đà Nẵng có 05 đội tuyển được tham dự Cuộc thi ICPC khu vực Châu Á - Thái Bình Dương (Regional) (tổ chức tại thành phố Huế, Việt Nam vào tháng 12/2023). Cuộc thi ICPC Regional quốc tế sẽ có thêm các đội tuyển SV các trường ĐH của Hàn Quốc, Đài Loan - Trung Quốc, Thái Lan và Singapore.\r\n\r\nVới thành tích xuất sắc tại vòng thi Quốc gia, vượt qua các đội tuyển được đánh giá chỉ số sức mạnh cao hơn như Trường ĐH Công nghệ, ĐHQG Hà Nội, Trường Đại học Khoa học Tự nhiên, ĐHQG-HCM, … đội BKDN.LeaderTurnsBack, Trường Đại học Bách khoa, ĐH Đà Nẵng đã lập nên một thành tích hết sức ấn tượng, thể hiện chất lượng đào tạo nguồn nhân lực chất lượng cao trong lĩnh vực Công nghệ thông tin của Trường Đại học Bách khoa, ĐHĐN.,.', 'phamminhtuan', '2023-12-15', 229),
	(59, 2, 'Hé lộ bộ sưu tập thành tích “cực khủng” của Tân DUTer đầu tiên khóa tuyển sinh năm 2023', 'media/post/image002 (2).jpg', 'Đó là thành tích của chàng trai Lê Ngọc Bảo Anh đến từ Trường THPT Chuyên Lê Quý Đôn, TP Đà Nẵng. Bạn Bảo Anh trúng tuyển thẳng vào Trường Đại học Bách khoa, Đại học Đà Nẵng theo Quy chế của Bộ Giáo dục và Đào tạo với thành tích Giải Nhất trong Kỳ thi chọn Học sinh giỏi Quốc gia môn Tin học, thành viên đội tuyển quốc gia tham gia các giải đấu quốc tế.', 'Đó là thành tích của chàng trai Lê Ngọc Bảo Anh đến từ Trường THPT Chuyên Lê Quý Đôn, TP Đà Nẵng. Bạn Bảo Anh trúng tuyển thẳng vào Trường Đại học Bách khoa, Đại học Đà Nẵng theo Quy chế của Bộ Giáo dục và Đào tạo với thành tích Giải Nhất trong Kỳ thi chọn Học sinh giỏi Quốc gia môn Tin học, thành viên đội tuyển quốc gia tham gia các giải đấu quốc tế.\r\n\r\nNgày 19.7.2023 Bảo Anh là thí sinh đầu tiên đã xác nhận nhập học trên trên Hệ thống của Bộ Giáo dục và Đào tạo và trở thành tân sinh viên đầu tiên của Trường Đại học Bách khoa, Đại học Đà Nẵng, ngành Công nghệ thông tin (Đặc thù - Hợp tác Doanh nghiệp), chuyên ngành Khoa học dữ liệu và Trí tuệ nhân tạo.\r\n\r\nNgoài thành tích trên, bạn Bảo Anh còn sở hữu “Bộ sưu tập cực khủng” các thành tích khi học tập ở THPT gồm:\r\n\r\n+ Huy chương đồng Olympic Tin học Châu Á - Thái Bình Dương năm 2023\r\n\r\n+ Giải Nhì kì thi HSGQG năm học 2021-2022\r\n\r\n+ Giải Nhất kì thi HSGQG năm học 2022-2023\r\n\r\n+ Huy chương Vàng Olympic 30/4 năm 2021\r\n\r\n+ Huy Chương Vàng Olympic Khoa học Tự nhiên năm 2022\r\n\r\n+ Huy chương Vàng Olympic DHBB năm 2021 và năm 2022\r\n\r\n+ Huy Chương Vàng Olympic MTTN các năm 2021, 2022 và 2023\r\n\r\n+ Giải Ba Tin học trẻ Quốc gia năm 2022\r\n\r\nChia sẻ lý do chọn học tại Trường Đại học Bách khoa, ĐHĐN, bạn Bảo Anh cho biết bản thân em có niềm đam mê ngành Công nghệ thông tin từ khi còn nhỏ. Qua tìm hiểu, em nhận thấy Bách khoa Đà Nẵng là một môi trường rất tốt để em tiếp tục phát triển khả năng của mình, đặc biệt là thông qua các cuộc thi về Olympic Tin học Quốc gia và Lập trình sinh viên Quốc tế ICPC khu vực Châu Á.\r\n\r\nChúc mừng bạn Bảo Anh đã trở thành TÂN SINH VIÊN ĐẦU TIÊN của Khóa tuyển sinh năm 2023, Trường Đại học Bách khoa, Đại học Đà Nẵng. Chúc em sẽ giữ vững phong độ của mình trong học tập cũng như ở các cuộc thi trong nước và quốc tế, thu thập thêm nhiều thành tích hơn nữa vào bộ sưu tập huy chương của bản thân.\r\n\r\nNăm 2023, Trường Đại học Bách khoa tuyển sinh 3500 chỉ tiêu với 36 Ngành/CTĐT. Hãy nhanh tay đăng ký và lựa chọn ngành học để có cơ hội trở thành tân sinh viên Khóa 2023 của Trường Đại học Bách khoa.\r\n\r\nHãy lựa chọn Trường Đại học Bách khoa- ĐHĐN, ngôi trường có chất lượng đào tạo các ngành kỹ thuật hàng đầu khu vực Miền Trung, Tây Nguyên để được thỏa mãn đam mê của bạn và có một tương lai vững chắc!', 'phamminhtuan', '2023-12-15', 159),
	(60, 4, 'Hội nghị Sinh viên nghiên cứu khoa học Khoa CNTT năm học 2023-2024', 'media/post/1(12).jpg', 'Ngày 05/12/2023, tại văn phòng Khoa Công nghệ Thông tin -  trường Đại học Bách khoa– ĐHĐN đã tổ chức Hội nghị sinh viên nghiên cứu khoa học năm học 2023-2024. Tham gia hội nghị có tổng số 11 đề tài thuộc nhiều lĩnh vực Công nghệ Thông tin', 'Ngày 05/12/2023, tại văn phòng Khoa Công nghệ Thông tin -  trường Đại học Bách khoa– ĐHĐN đã tổ chức Hội nghị sinh viên nghiên cứu khoa học năm học 2023-2024. Tham gia hội nghị có tổng số 11 đề tài thuộc nhiều lĩnh vực Công nghệ Thông tin\r\n\r\nTham dự buổi lễ có sự sự hiện diện của hội đồng khoa học Khoa Công nghệ Thông tin, các thầy cô giáo, các chủ nhiệm đề tài cùng các bạn sinh viên đam mê nghiên cứu khoa học.\r\n\r\nHội đồng đánh giá các đề tài trên nhiều tiêu chí: nội dung, kết quả, tính mới, tính sáng tạo, khả năng áp dụng thực tiễn.\r\n\r\nNhìn chung năm nay các nhóm sinh viên có sự đầu tư hơn về số lượng cũng như chất lượng tạo nên bầu không khí trong hội nghị đầy sôi động và hào hứng\r\n\r\nMột số hình ảnh hội nghị\r\n\r\nSau hơn 4 giờ làm việc nghiêm túc và khách quan hội đồng đánh giá đã lựa chọn được các đề tài xuất sắc và trao giải như sau:\r\n\r\nNhất\r\nTăng cường kiến trúc mạng thần kinh tích chập với bộ nhớ ngắn hạn dài để cải thiện khả năng phân loại hình ảnh.\r\nNguyễn An Hưng\r\n21T_DT\r\nTS. Phạm Minh Tuấn\r\n\r\nNhì\r\nNhận diện giả mạo định danh trong video và hình ảnh thông qua học tương phản\r\nĐặng Huỳnh Khánh Dương Nguyễn Nho Song Hoàng\r\nLê Phúc Khương\r\nLê Nguyễn Ngọc Lâm\r\n20TCLC_KHDL\r\nTS. Ninh Khánh Duy\r\n\r\nBa\r\nNghiên cứu khôi phục ảnh số với nhiễu dựa trên biến phân tổng bậc cao và nhóm chồng lấp rời rạc\r\nTrương Tấn Cường\r\nNguyễn Nguyên Anh\r\nPhạm Trung Hiếu\r\n21TCLC_DT1\r\n21TCLC_DT1\r\n21TCLC_Nhat1\r\nTS. Phạm Công Thắng\r\n\r\nBa\r\nHệ thống nhận dạng ảnh mặt người tạo ra bởi trí tuệ nhân tạo\r\nCao Kiều Văn Mạnh\r\nNguyễn Tuấn Hưng\r\nVõ Hoàng Bảo\r\n20TCLC_KHDL\r\nTS. Ninh Khánh Duy', 'nguyenvanhieu', '2023-12-15', 159),
	(61, 5, 'DUT tổ chức thành công Ngày Hội việc làm Nhật bản năm 2023', 'media/post/image002 (4).jpg', 'Ngày 17/5/2023, Trường Đại học Bách khoa, ĐHĐN phối hợp với Công ty Cổ phần Craft Information System tổ chức ngày Hội việc làm Nhật Bản năm 2023.', 'Ngày 17/5/2023, Trường Đại học Bách khoa, ĐHĐN phối hợp với Công ty Cổ phần Craft Information System tổ chức ngày Hội việc làm Nhật Bản năm 2023.\r\n\r\nTham dự khai mạc, về phía các doanh nghiệp có Ông Urakawa Osamu - Chủ tịch Công ty Cổ phần Craft Information System; Ông Saito Kyota, Chủ tịch Công ty Starboard Asia; Ông Taneda Shingo - Chủ tịch Công ty TNHH Comway; Ông Misima Masami - Chủ tịch Công ty SSI (Software Science Inc.); Đại diện Công ty TNHH Sangyo Service Sales và Công ty TNHH Nihon Luxor System. Về phía Nhà trường có TS. Huỳnh Thanh Tùng - Phó Giám đốc Phụ trách Trung tâm Hỗ trợ Sinh viên và Quan hệ Doanh nghiệp; PGS.TS. Nguyễn Tấn Khôi - Trưởng khoaKhoa Công nghệ Thông tin; TS. Đào Duy Tuấn - Đại diện Khoa Điện tử - Viễn thông và hơn 200 sinh viên đến từ các ngành Công nghệ thông tin, Điện tử Viễn thông, Kỹ thuật Máy tính, Cơ điện từ, Kỹ thuật điều khiển và Tự động hoá tham dự.\r\nNgày Hội Việc làm Nhật bản được tổ chức trong 02 ngày 17,18/5/2023. Đây là cơ hội cho các bạn sinh viên tích luỹ kinh nghiệm, nâng cao kỹ năng tìm kiếm việc làm trong xu thế hội nhập với sự di chuyển tự do của thị trường lao động trong khu vực và trên thế giới, giúp sinh viên tiếp cận với các doanh nghiệp uy tín tại Nhật Bản cũng như kết nối doanh nghiệp Nhật Bản với các ứng viên tiềm năng đến từ Trường Đại học Bách khoa, ĐHĐN.', 'nguyentankhoi', '2023-12-15', 434),
	(62, 5, 'Trường Đại học Bách khoa, ĐHĐN chuẩn hóa chất lượng đào tạo theo chất lượng kiểm định quốc tế ASIIN', 'media/post/image002 (5).jpg', 'Trong 03 ngày (17-19/05/2023), tại Trường Đại học Bách khoa, ĐHĐN đã diễn ra Đợt đánh giá ngoài 11 chương trình đào tạo theo tiêu chuẩn kiểm định quốc tế ASIIN. Đây là lần đầu tiên Nhà trường tham gia kiểm định chất lượng đào tạo bởi một tổ chức uy tín từ ASIIN (CHLB Đức)- một trong những quốc gia hàng đầu thế giới về khoa học, kỹ thuật và công nghệ.', 'Trong 03 ngày (17-19/05/2023), tại Trường Đại học Bách khoa, ĐHĐN đã diễn ra Đợt đánh giá ngoài 11 chương trình đào tạo theo tiêu chuẩn kiểm định quốc tế ASIIN. Đây là lần đầu tiên Nhà trường tham gia kiểm định chất lượng đào tạo bởi một tổ chức uy tín từ ASIIN (CHLB Đức)- một trong những quốc gia hàng đầu thế giới về khoa học, kỹ thuật và công nghệ.\r\n\r\nASIIN (Accreditation Agency for Study Programs in Engineering, Informatics, Natural Sciences and Mathematics) là tổ chức kiểm định uy tín trong hệ thống của Hiệp hội kiểm định chất lượng đại học châu Âu (ENQA).\r\n\r\nTại Việt Nam, ASIIN được thực hiện các hoạt động đánh giá, công nhận tại Việt Nam đối với cơ sở giáo dục đại học và các chương trình đào tạo các trình độ của giáo dục đại học thuộc các lĩnh vực khoa học tự nhiên, kỹ thuật, toán và thống kê, máy tính và công nghệ thông tin, khoa học giáo dục và đào tạo giáo viên. Các chứng nhận chất lượng của ASIIN được công nhận về hiệu lực đảm bảo chất lượng giáo dục đại học trên toàn thế giới.\r\n\r\nTổ chức này sẽ đánh giá toàn diện các chương trình đào tạo ở nhiều khía cạnh bao gồm chuẩn đầu ra, khung chương trình, đội ngũ giảng viên, cơ sở vật chất, công tác đảm bảo chất lượng và kết nối giữa nhà trường, sinh viên, với doanh nghiệp.\r\n\r\n11 chương trình đào tạo tham gia kiểm định đợt này được chia thành 4 nhóm ngành gồm: CTĐT Đại học và Thạc sĩ ngành Kỹ thuật Điện; CTĐT Đại học ngành Công nghệ thông tin, ngành Công nghệ thông tin (tiếng Nhật), CTĐT Thạc sỹ ngành Khoa học máy tính; CTĐT Đại học ngành Công nghệ kỹ thuật Vật liệu Xây dựng, CTĐT Đại học và Thạc sỹ ngành Kỹ thuật Xây dựng Công trình thủy; CTĐT Đại học ngành Quản lý Tài nguyên và Môi trường, ngành Kinh tế Xây dựng, CTĐT Thạc sỹ ngành Quản lý xây dựng.\r\n\r\nPhát biểu tại lễ khai mạc, PGS.TS Nguyễn Hữu Hiếu – Hiệu trưởng Nhà trường chia sẻ, Nhà trường đang không ngừng nâng cao chất lượng đào tạo để khẳng định uy tín, học hiệu với tầm nhìn hướng đến mục tiêu trở thành trường đại học nghiên cứu được quốc tế công nhận. Nhà trường đã liên tục cải tiến chương trình đào tạo, nâng cao chất lượng giảng dạy và thực hành qua mô hình “học theo dự án” để trang bị cho sinh viên kiến thức về chuyên môn, ngoại ngữ cùng các kỹ năng trình bày, tư duy phản biện, sáng tạo để sau khi tốt nghiệp có thể sẵn sàng gia nhập vào các thị trường lao động trong nước và quốc tế.\r\n\r\nĐồng thời, Nhà trường cũng tiếp tục đầu tư đẩy mạnh các hoạt động khoa học công nghệ và hợp tác quốc tế, nghiên cứu và chuyển giao công nghệ. Cùng với các công bố quốc tế, các nghiên cứu của Nhà trường sẽ tập trung vào hướng ứng dụng, góp phần  đưa khuôn viên Nhà trường thành khuôn viên thông minh, làm nòng cốt xây dựng và phát triển Đà Nẵng trở thành Thành phố thông minh.\r\n\r\n "Việc hoàn thiện mạng lưới đảm bảo chất lượng bên trong là yếu tố quan trọng để đảm bảo từng bước và từng bước nâng cao chất lượng mọi mặt của Nhà trường. Vì vậy Nhà trường đang tiếp tục đẩy mạnh công tác đánh giá, kiểm định tất cả chương trình đào tạo cũng như kiểm định cơ sở giáo dục giai đoạn 2”- PGS.TS Nguyễn Hữu Hiếu nhấn mạnh.\r\n\r\nÔng Christian Daniels – đại diện Đoàn đánh giá ASIIN bày tỏ sự vui mừng và cảm kích trước sự đón tiếp nồng nhiệt và chu đáo của Trường Đại học Bách khoa, ĐHĐN. Đoàn đánh giá sẽ làm việc một cách nghiêm túc để đưa ra những nhận xét, góp ý để Nhà trường cải tiến chất lượng đào tạo và nghiên cứu, hỗ trợ Nhà trường trong nỗ lực hướng đến mục tiêu trở thành một trường đại học theo định hướng nghiên cứu được cộng đồng quốc tế công nhận. Đoàn đánh giá ASIIN gồm 23 thành viên gồm các nhà khoa học đến từ Đức và đại diện từ các trường, các doanh nghiệp, sinh viên ở các trường đại học ở Việt Nam.\r\n\r\nĐể chuẩn bị cho đợt đánh giá kiểm định ASIIN, Nhà trường đã có sự chuẩn bị bài bản và chuyên nghiệp từ khâu viết báo cáo tự đánh giá đến công tác tổ chức với sự phối hợp nhịp nhàng từ các bên liên quan.', 'nguyentankhoi', '2023-12-15', 237),
	(63, 7, 'NCS. Trần Uyên Trang bảo vệ thành công Luận án Tiến sĩ cấp Trường, ngành Khoa học máy tính với đề tài “Khai phá quan điểm với kỹ thuật học sâu”', 'media/post/image002 (6).jpg', 'Sáng ngày, 02/12/2023, Trường Đại học Bách khoa, ĐHĐN tổ chức Hội đồng chấm luận án Tiến sĩ cấp Trường cho Nghiên cứu sinh (NCS) Trần Uyên Trang, ngành Khoa học máy tính với đề tài: “Khai phá quan điểm với kỹ thuật học sâu” với sự hướng dẫn của TS. Hoàng Thị Thanh Hà - Trường Đại học Kinh tế, ĐHĐN và TS. Đặng Hoài Phương - Trường Đại học Bách khoa, ĐHĐN.', 'Sáng ngày, 02/12/2023, Trường Đại học Bách khoa, ĐHĐN tổ chức Hội đồng chấm luận án Tiến sĩ cấp Trường cho Nghiên cứu sinh (NCS) Trần Uyên Trang, ngành Khoa học máy tính với đề tài: “Khai phá quan điểm với kỹ thuật học sâu” với sự hướng dẫn của TS. Hoàng Thị Thanh Hà - Trường Đại học Kinh tế, ĐHĐN và TS. Đặng Hoài Phương - Trường Đại học Bách khoa, ĐHĐN.\r\n\r\nHội đồng chấm luận án gồm:\r\n\r\n1. PGS. TS. Nguyễn Tấn Khôi - Trường Đại học Bách khoa, Đại học Đà Nẵng, Chủ tịch Hội đồng;\r\n\r\n2. PGS. TS. Võ Viết Minh Nhật - Trường Đại học Khoa học, Đại học Huế, Phản biện 1;\r\n\r\n3. GS. TS. Nguyễn Thanh Thủy - Trường Đại học Công nghệ, Đại học Quốc gia Hà Nội, Phản biện 2;\r\n\r\n4. PGS. TS. Đặng Trần Khánh - Trường Đại học Công thương Thành phố Hồ Chí Minh, Phản biện 3;\r\n\r\n5. PGS. TS. Trần Văn Lăng - Viện Cơ học và Tin học ứng dụng, Uỷ viên 1;\r\n\r\n6. TS. Lê Xuân Việt - Trường Đại học Quy Nhơn, Uỷ viên 2;\r\n\r\n7. TS. Phạm Công Thắng - Trường Đại học Bách khoa, Đại học Đà Nẵng, Thư ký Hội đồng.\r\n\r\nDưới sự chủ trì của PGS.TS Nguyễn Tấn Khôi, Hội đồng đã thông qua lý lịch khoa học, thành tích nghiên cứu, quá trình học tập và kết quả nghiên cứu khoa học của NCS. Trần Uyên Trang. Tất cả các thành viên trong Hội đồng đánh giá cao năng lực nghiên cứu và những kết quả đạt được của NCS trong thời gian qua.\r\n\r\nSau khi nghe Nghiên cứu sinh trình bày nội dung của Luận án, Hội đồng chấm luận án tham gia nhận xét và đặt câu hỏi liên quan đến nội dung luận án đối với NCS. Trần Uyên Trang.\r\n\r\nĐề tài nghiên cứu của NCS. Trần Uyên Trang nhận được nhiều đánh giá, góp ý và ý kiến phản biện đến từ Hội đồng. Hội đồng chấm luận án Tiến sĩ đều đồng tình đây là đề tài mang tính thời sự, có ý nghĩa thực tiễn rất lớn. Nội dung luận án phù hợp với chuyên ngành, hàm lượng khoa học cao, đáp ứng quy định của một luận án tiến sĩ, có tính ứng dụng cao. Bên cạnh đó, Hội đồng cũng đưa ra nhiều góp ý mang tính xây dựng để NCS hoàn thiện luận án một cách tốt nhất.\r\n\r\nNCS. Trần Uyên Trang đã trả lời tất cả các ý kiến phản biện của Hội đồng chấm luận án một cách rành mạch và nhận được 100% phiếu đồng ý từ Hội đồng chấm luận án trực tiếp.\r\nTrong niềm xúc động, NCS. Trần Uyên trang đã gửi lời cảm ơn chân thành đến những ý kiến đánh giá từ Hội đồng chấm luận án để NCS tiếp tục rà soát, chỉnh sửa lại lại nội dung và hoàn thiện đề tài nghiên cứu của mình một cách tốt nhất. Đồng thời NCS đã gửi lời cảm ơn đến các Thầy/Cô Khoa Công nghệ thông tin, Trường Đại học Bách khoa, ĐHĐN và các giảng viên hướng dẫn, đồng nghiệp, đặc biệt là gia đình đã luôn động viên, khích lệ để NCS có thể bảo vệ thành công luận án trong ngày hôm nay.', 'ninhkhanhduy', '2023-12-15', 63),
	(64, 3, 'Trường Đại học Bách khoa tổ chức khai giảng, phổ biến quy định và tư vấn học tập cho 85 học viên Thạc sĩ K46', 'media/post/image002 (7).jpg', 'Trong không khí trang trọng, sáng ngày 21/10/2023, Trường Đại học Bách khoa - Đại học Đà Nẵng đã tổ chức Khai giảng sau đại học Khóa 46 cho 85 học viên cao học thuộc các Khoa: Hoá, Công nghệ thông tin, Kiến trúc, Cơ khí, Điện, Xây dựng Dân dụng & Công nghiệp, Xây dựng Cầu đường, Quản lý dự án, Xây dựng Công trình thủy.', 'Trong không khí trang trọng, sáng ngày 21/10/2023, Trường Đại học Bách khoa - Đại học Đà Nẵng đã tổ chức Khai giảng sau đại học Khóa 46 cho 85 học viên cao học thuộc các Khoa: Hoá, Công nghệ thông tin, Kiến trúc, Cơ khí, Điện, Xây dựng Dân dụng & Công nghiệp, Xây dựng Cầu đường, Quản lý dự án, Xây dựng Công trình thủy.\r\n\r\nTại buổi khai mạc, PGS.TS. Võ Ngọc Dương - Phó Trưởng phòng Phòng Đào tạo đã thay mặt Nhà trường gởi lời chúc mừng đến 85 tân học viên cao học Khóa 46. Thầy Dương cho biết, đây là khóa có nhiều học viên trúng tuyển vào Trường nhất trong những năm gần đây. Đây là một tín hiệu rất đáng mừng, thể hiện sự quan tâm trong việc học tập nâng cao trình độ của các học viên. Thầy bày tỏ sẽ cùng với các phòng ban, các Khoa hỗ trợ cho các học viên để hoàn thành khóa học tại Trường đúng tiến độ. Đồng thời khuyến khích các học viên quay lại Trường học tập nâng cao trình độ ở những bậc học cao hơn.\r\n\r\nSau buổi khai giảng, đại diện lãnh đạo các đơn vị chức năng đã giới thiệu, phổ biến quy định và tư vấn học tập cho học viên Thạc sĩ K46.\r\n\r\nĐược biết, từ khóa cao học 46, Nhà trường sẽ áp dụng việc quản lý học viên trên hệ thống webiste của Trường. Mỗi học viên sẽ được cấp một tài khoản và mật khẩu để truy cập vào hệ thống của Nhà trường. Đồng thời, Nhà trường đã mở 01 tài khoản Microsoft Teams để thuận tiện cho học viên trong quá trình trao đổi, học tập với thầy cô.', 'ninhkhanhduy', '2023-12-15', 214),
	(65, 7, 'Khoa CNTT - 06 Học viên Cao học đã bảo vệ thành công luận văn thạc sĩ', 'media/post/DSC02196.jpg', 'Ngày 17 tháng 6 năm 2023, tại Trường Đại học Bách khoa, ĐHĐN 06 học viên cao học ngành Khoa học máy tính khoá K41, K42 thuộc Khoa CN Thông tin, trường Đại học Bách khoa, ĐHĐN đã bảo vệ thành công luận văn thạc sĩ của mình.', 'Ngày 17 tháng 6 năm 2023, tại Trường Đại học Bách khoa, ĐHĐN 06 học viên cao học ngành Khoa học máy tính khoá K41, K42 thuộc Khoa CN Thông tin, trường Đại học Bách khoa, ĐHĐN đã bảo vệ thành công luận văn thạc sĩ của mình.\r\n\r\nNăm nay hầu hết các đề tài luận văn thạc sĩ đều xuất phát từ nhu cầu thực tế công việc của các học viên tại đơn vị công tác. Các đề tài nhằm giải quyết các vấn đề có tính thời sự rất cao trong nước và cả quốc tế. Nhiều đề tài tập trung giải quyết các vấn đề liên quan đến ứng dụng các mô hình học máy, xử lý ảnh và trí tuệ nhận tạo vào phục vụ giám sát giao thông, hỗ trợ y tế. Một số đề tài được sự hướng dẫn và hợp tác từ doanh nghiệp, ứng dụng nghiên cứu giải quyết những vấn đề cấp bách, cần thiết của doanh nghiệp. Có đề tài được nghiên cứu và hợp tác từ Université de Montréal. Hầu hết các đề tài được hội đồng đánh giá khá cao về tính khoa học, tính ứng dụng thực tế giúp giải quyết các bài toán của các doanh nghiệp. Các đề tài được sự hướng dẫn của đội ngũ giảng viên có trình độ chuyên môn giỏi, hầu hết được đào tạo bài bản ở các nước phát triển nên những công nghệ tiên tiến và các phương pháp hiện đại như học máy và học sâu được áp dụng trong các đề tài luận văn lần này.', 'ninhkhanhduy', '2023-12-15', 81),
	(66, 3, 'NCS Huỳnh Triệu Vỹ bảo vệ thành công Luận án Tiến sĩ cấp Trường chuyên ngành Khoa học máy tính', 'media/post/image002 (8).jpg', 'Sáng ngày 08/4/2023, Trường Đại học Bách khoa - Đại học Đà Nẵng đã tổ chức buổi bảo vệ Luận án Tiến sĩ cấp Trường của Nghiên cứu sinh (NCS) Huỳnh Triệu Vỹ, chuyên ngành Khoa học máy tính, với đề tài: “Nghiên cứu và phát triển một số kỹ thuật che giấu thông tin nhạy cảm trong khai phá hữu ích cao”, dưới sự hướng dẫn của TS. Trương Ngọc Châu và TS. Lê Quốc Hải.', 'Sáng ngày 08/4/2023, Trường Đại học Bách khoa - Đại học Đà Nẵng đã tổ chức buổi bảo vệ Luận án Tiến sĩ cấp Trường của Nghiên cứu sinh (NCS) Huỳnh Triệu Vỹ, chuyên ngành Khoa học máy tính, với đề tài: “Nghiên cứu và phát triển một số kỹ thuật che giấu thông tin nhạy cảm trong khai phá hữu ích cao”, dưới sự hướng dẫn của TS. Trương Ngọc Châu và TS. Lê Quốc Hải.\r\n\r\nHội đồng đánh giá Luận án Tiến sĩ gồm 07 thành viên:\r\n\r\n1. PGS.TS. Nguyễn Tấn Khôi, Trường Đại học Bách khoa - ĐHĐN, Chủ tịch Hội đồng;\r\n\r\n2. GS.TS. Nguyễn Thanh Thủy, Trường Đại học Công nghệ, ĐH Quốc gia Hà Nội, Phản biện 1;\r\n\r\n3. PGS.TS. Võ Viết Minh Nhật, Đại học Huế, Phản biện 2;\r\n\r\n4. TS. Phạm Xuân Hậu, Trường Đại học Quảng Bình, Phản biện 3;\r\n\r\n5. PGS.TS Nguyễn Mậu Hân – Trường Đại học Khoa học, Đại học Huế, Ủy viên 1;\r\n\r\n6. PGS.TS Võ Trung Hùng, Trường Đại học Sư phạm kỹ thuật - ĐHĐN, Ủy viên 2;\r\n\r\n7. TS. Phạm Công Thắng, Trường Đại học Bách Khoa – ĐHĐN, Thư ký Hội đồng.\r\n\r\nDưới sự chủ trì của PGS.TS. Nguyễn Tấn Khôi, Chủ tịch Hội đồng đã thông qua lý lịch khoa học, quá trình học tập và kết quả nghiên cứu khoa học của NCS Huỳnh Triệu Vỹ. Tất cả các thành viên trong Hội đồng đều đánh giá cao năng lực nghiên cứu và những kết quả đạt được của NCS trong thời gian qua, đặc biệt là các bài báo được công bố trên tạp chí - kỷ yếu hội thảo trong nước và quốc tế.\r\n\r\nLuận án của NCS Huỳnh Triệu Vỹ là công trình nghiên cứu có tính thực tiễn và khoa học cao. Đóng góp chính của luận án là đã đề xuất các thuật toán che giấu thông tin nhạy cảm trong khai phá hữu ích cao dựa trên kỹ thuật heuristic và đề xuất thuật toán ẩn tập hữu ích cao và phổ biến nhạy cảm dựa trên lý thuyết giàn. Luận án đã hoàn thành các mục tiêu, nhiệm vụ đề ra, thể hiện ở nội dung các công trình đã công bố cũng như trong nội dung luận án.\r\n\r\nTại buổi bảo vệ, Hội đồng cũng đưa ra nhiều góp ý mang tính xây dựng để NCS hoàn thiện đề tài một cách tốt nhất. Đồng thời NCS Huỳnh Triệu Vỹ đã trả lời tất cả các ý kiến phản biện của Hội đồng chấm luận án một cách rành mạch và nhận được 7/7 phiếu đồng ý từ Hội đồng chấm luận án trực tiếp.', 'ninhkhanhduy', '2023-12-15', 108),
	(67, 3, 'Gần 1.600 tân Thạc sĩ, Kỹ sư, Kiến trúc sư và Cử nhân được công nhận tốt nghiệp đợt 1 năm 2023', 'media/post/image002 (9).jpg', 'Hòa chung không khí tưng bừng phấn khởi chào mừng Kỷ niệm 48 năm ngày Giải phóng miền Nam thống nhất hoàn toàn đất nước, 30/4/1975-30/4/2023, Giải phóng thành phố Đà Nẵng, 29/3/1975-29/3/2023, ngày 18/3/2023, Trường Đại học Bách khoa, Đại học Đà Nẵng long trọng tổ chức Lễ trao bằng tốt nghiệp đợt 1 năm 2023 cho các học viên cao học và sinh viên đại học.', 'Hòa chung không khí tưng bừng phấn khởi chào mừng Kỷ niệm 48 năm ngày Giải phóng miền Nam thống nhất hoàn toàn đất nước, 30/4/1975-30/4/2023, Giải phóng thành phố Đà Nẵng, 29/3/1975-29/3/2023, ngày 18/3/2023, Trường Đại học Bách khoa, Đại học Đà Nẵng long trọng tổ chức Lễ trao bằng tốt nghiệp đợt 1 năm 2023 cho các học viên cao học và sinh viên đại học.\r\n\r\nTham dự buổi lễ có sự hiện diện của các vị lãnh đạo, khách quý. Về phía Thành phố Đà Nẵng có Ông Nguyễn Phúc Thọ - Viện Trưởng viện Quy hoạch Xây dựng TPĐN. Về phía Đại học Đà Nẵng có TS. Phan Minh Đức – Phó Bí thư Đảng ủy, Chủ tịch Hội đồng Đại học Đà Nẵng; PGS.TS Lê Thành Bắc – Phó Giám đốc ĐHĐN cùng các thầy trong Ban Công tác HSSV, Ban Đào tạo, lãnh đạo các Trường Đại học thành viên của ĐHĐN. Về phía trường Đại học Bách khoa có PGS.TS Nguyễn Đình Lâm – Bí thư Đảng ủy, Chủ tịch Hội đồng trường; PGS.TS Nguyễn Hữu Hiếu – Hiệu trưởng Nhà trường; PGS.TS. Nguyễn Hồng Hải – Phó Hiệu trưởng Nhà trường, lãnh đạo các đơn vị Phòng, Khoa, đại diện các doanh nghiệp hợp tác với Nhà trường và gần 1.600 Tân khoa về tham dự buổi lễ nhận bằng.\r\n\r\nPhát biểu tại buổi lễ, PGS.TS Nguyễn Hữu Hiếu – Hiệu trưởng Nhà trường đã chia sẻ niềm vui, niềm vinh dự với các tân Thạc sĩ, Kỹ sư, Cử nhân, Kiến trúc sư và gia đình các em. Thầy khẳng định rằng đây là thành quả cộng lại từ trách nhiệm và sự nghiêm túc trên con đường học tập của các em sinh viên cũng như sự tâm huyết dìu dắt của đội ngũ thầy cô giáo, các nhà khoa học và CBVC Nhà trường. Để chạm tay đến tấm bằng tốt nghiệp hôm nay, các em đã trải qua những học kỳ chưa từng có tiền lệ, phải đối mặt với những khó khăn, thách thức trong bối cảnh đại dịch Covid-19, của thiên tai, dịch bệnh; các học viên, sinh viên đã trải qua một chặng đường học tập và nghiên cứu gian nan, vất vả nhưng cũng gặt hái được rất nhiều kiến thức và trải nghiệm quý báu.\r\n\r\nPhát biểu tại buổi Lễ, PGS.TS Lê Thành Bắc – Phó Giám đốc Đại học Đà Nẵng khẳng định “Trường Đại học Bách khoa, ĐHĐN là cánh chim đầu đàn có truyền thống gần 50 năm xây dựng và phát triển. Nhà trường đã đào tạo hàng trăm nghìn cử nhân, kỹ sư, kiến trúc sư, thạc sĩ và tiến sĩ là chuyên gia trong các lĩnh vực về khoa học kỹ thuật, góp phần quan trọng vào sự phát triển của miền Trung – Tây Nguyên cũng như cả nước. Trong năm qua Nhà trường đã rất cố gắng và đạt được những thành công rất lớn, đặc biệt là được Nhà nước phong tặng Anh hùng lao động trong thời kỳ đổi mới. Thầy tin rằng các cán bộ, giảng viên, sinh viên, học viên và nghiên cứu sinh của Nhà trường sẽ tiếp tục tinh thần được học, được rèn luyện, được đào tạo để đưa Nhà trường tiến lên tầm cao mới trong tương lai.”\r\n\r\n“Lễ tốt nghiệp là một trong những ngày trọng đại của mỗi con người, đánh dấu trang mới trong sự phát triển của bản thân. Sự thành công của các anh chị tân cử nhân, tân kỹ sư, tân kiến trúc sư, tân thạc sĩ, tân tiến sĩ mang lại vẻ vang cho bản thân, cho Nhà trường và cho Đại học Đà Nẵng” – Thầy khẳng định.', 'ninhkhanhduy', '2023-12-15', 131),
	(68, 1, 'Gần 1.200 thí sinh tranh tài tại cuộc thi lập trình Da Nang Code League 2023', 'media/post/423-202305081904012.jpg', '3 đội chiến thắng tương ứng với 3 bảng đấu Code Rookie, Code Warrior và Code Master là SqrtDecomposition, BeachCityBoys và DisjoinHeadUnion. Đặc biệt, đội SqrtDecomposition sở hữu bảng thành tích đáng nể: Huy chương bạc cuộc thi lập trình toàn cầu ICPC khu vực 2017, Giải nhất ICPC Toàn quốc 2018, 2019, 2020; hai lần vô địch Topcoder và một lần vô địch Kickstart.', '3 đội chiến thắng tương ứng với 3 bảng đấu Code Rookie, Code Warrior và Code Master là SqrtDecomposition, BeachCityBoys và DisjoinHeadUnion. Đặc biệt, đội SqrtDecomposition sở hữu bảng thành tích đáng nể: Huy chương bạc cuộc thi lập trình toàn cầu ICPC khu vực 2017, Giải nhất ICPC Toàn quốc 2018, 2019, 2020; hai lần vô địch Topcoder và một lần vô địch Kickstart.\r\n\r\nNgoài ra, nhằm đáp ứng mong muốn tham gia chương trình của rất nhiều thí sinh bên ngoài khu vực Miền Trung - Tây Nguyên, Ban tổ chức đã đưa ra Giải khách mời. Theo đó, mỗi bảng sẽ chọn ra 03 đội “khách mời” có điểm số cao nhất vòng bảng để tranh giải "Đội khách mời xuất sắc nhất". Chung cuộc, chiến thắng đã gọi tên ba đội Hardest Seat Ever, 90 VHB, CHN_Han_Doi_Vo_Doi.\r\n\r\nBên cạnh giải thưởng tiền mặt, các thí sinh trong các đội chiến thắng còn giành cơ hội thực tập và làm việc tại FPT Software - Công ty công nghệ toàn cầu với hơn 27.000 nhân viên. Đây sẽ là bàn đạp vững chắc cho sự nghiệp công nghệ tương lai của các bạn trẻ.\r\n\r\nGiám đốc nhân sự FPT Software Nguyễn Tuấn Minh chia sẻ, học tập và phát triển bản thân là một trong những giá trị cốt lõi và là nhiệm vụ dài hạn mà FPT Software luôn theo đuổi. Với tâm niệm đó, chúng tôi đặt ra cho mình nhiệm vụ xây dựng và phát triển cộng đồng CNTT ngày một lớn mạnh, với những kỹ sư có năng lực cao, đáp ứng nhu cầu ngày một phức tạp của thị trường CNTT trong và ngoài nước.\r\n\r\nÔng Minh đồng thời bày tỏ hy vọng “Da Nang Code League đã có thể mang lại cho các bạn trải nghiệm, thử thách, những kết nối giúp các bạn trưởng thành và phát triển sự nghiệp tương lai".\r\n\r\nDa Nang Code League 2023 dành riêng cho cộng đồng CNTT khu vực miền Trung - Tây Nguyên, thu hút gần 1.200 thí sinh thi đấu. Nhiều ứng viên là người nước ngoài đến từ các quốc gia tiên tiến như Mỹ, Nhật Bản, và nhiều học sinh, sinh viên từng đạt thành tích cao trong các cuộc thi lập trình quốc gia và quốc tế. Thí sinh nhỏ tuổi nhất chỉ mới học lớp 10 nhưng đã thể hiện năng lực vượt trội cạnh tranh với các nhân tố khác.\r\n\r\nSau vòng sơ loại trực tuyến diễn ra vào 15/4, 45 đội chơi xuất sắc nhất thuộc ba bảng đấu tiến vào chung kết trực tiếp tại Đà Nẵng. Tại đây, các đội sử dụng một trong bốn ngôn ngữ lập trình phổ biến là C, C++, Java và Python 3 để giải các câu hỏi do hội đồng chuyên môn đưa ra. Hội đồng chuyên môn gồm các giảng viên trường ĐH Bách Khoa và các chuyên gia công nghệ có trên 10 năm kinh nghiệm của FPT Software.\r\n\r\nĐề thi và môi trường thi đấu của Da Nang Code League được thiết lập theo tiêu chuẩn kỳ thi lập trình quốc tế ICPC./.', 'maivanha', '2023-12-15', 103),
	(69, 1, 'Trường Đại học Bách Khoa – Đại học Đà Nẵng và FPT Software mở giải đấu lập trình dành riêng cho Miền Trung - Tây Nguyên', 'media/post/image002 (10).jpg', 'Sáng ngày 10/3/2023, tại Tòa nhà Smart Building, Trường Đại học Bách khoa, Đại học Đà Nẵng đã diễn ra buổi lễ Truyền thông Kick-off cuộc thi DANANG CODE LEAGUE 2023. Đây là giải đấu lập trình Da Nang Code League 2023 dành riêng cho các đấu thủ khu vực Miền Trung - Tây Nguyên được tổ chức với tổng giải thưởng lên tới hơn 200 triệu đồng, diễn ra từ ngày 10/03/2023 đến ngày 06/05/2023.', 'Sáng ngày 10/3/2023, tại Tòa nhà Smart Building, Trường Đại học Bách khoa, Đại học Đà Nẵng đã diễn ra buổi lễ Truyền thông Kick-off cuộc thi DANANG CODE LEAGUE 2023. Đây là giải đấu lập trình Da Nang Code League 2023 dành riêng cho các đấu thủ khu vực Miền Trung - Tây Nguyên được tổ chức với tổng giải thưởng lên tới hơn 200 triệu đồng, diễn ra từ ngày 10/03/2023 đến ngày 06/05/2023.\r\n\r\nPhát biểu tại buổi lễ, PGS.TS Nguyễn Hồng Hải – Phó Hiệu trưởng Nhà trường cho biết, Da Nang Code League với chủ đề “Ignite your possibilities” (Đốt cháy khả năng của bạn) nhằm tạo ra sân chơi cho các bạn trẻ trong độ tuổi  từ 16 đến 30, đam mê công nghệ, thử thách và phát triển kỹ năng lập trình, học hỏi và trao đổi kinh nghiệm. Hướng đến góp phần xây dựng thị trường nhân lực công nghệ chất lượng cao khu vực Miền Trung - Tây Nguyên, giải đấu dự kiến thu hút 1.000 thí sinh, phân loại theo ba đối tượng: học sinh trung học, sinh viên ngành công nghệ và lập trình viên chuyên nghiệp dưới 5 năm kinh nghiệm.\r\n\r\nCác bảng đấu tương ứng gồm Code Rookie, Code Warrior và Code Master. Đặc biệt, để khuyến khích các nhân tố trẻ, học sinh trung học và sinh viên có thể đăng ký bảng thi vượt tuổi của mình. Mỗi đội đăng ký ba thí sinh và chỉ được ghi danh tại một bảng đấu, trong thời gian từ 10/03 - 07/04.\r\n\r\nCũng tại buổi lễ, ông Nguyễn Tuấn Phương - Chủ tịch FPT Software Miền Trung bày tỏ niềm vinh dự khi đồng hành cùng Nhà trường tổ chức cuộc thi và hy vọng thông qua cuộc thi này sẽ mang đến cho các bạn trẻ đam mê công nghệ một sân chơi thật lý thú và bổ ích.', 'maivanha', '2023-12-15', 210),
	(70, 5, 'DevDay Da Nang 2023: Sẵn sàng là sự kiện có quy mô lớn nhất dành cho Cộng đồng công nghệ thông tin Đà Nẵng từ trước đến nay', 'media/post/chon_PTS_7174-1024x678.jpg', 'DevDay Đà Nẵng 2023 mang đến nhiều hoạt động thiết thực, thú vị, đầy bổ ích. Đó là các phiên hội thảo – một cơ hội mở tuyệt vời – để các chuyên gia, người tham dự và đại diện các doanh nghiệp công nghệ thông tin kết nối, trao đổi và chia sẻ kiến thức, liên quan đến nhiều xu hướng công nghệ mới', '\r\nDevDay Đà Nẵng 2023 mang đến nhiều hoạt động thiết thực, thú vị, đầy bổ ích. Đó là các phiên hội thảo – một cơ hội mở tuyệt vời – để các chuyên gia, người tham dự và đại diện các doanh nghiệp công nghệ thông tin kết nối, trao đổi và chia sẻ kiến thức, liên quan đến nhiều xu hướng công nghệ mới nhất về Trí tuệ nhân tao và học máy (AI/ML); Blockchain; Điện toán đám mây; Bảo mật mạng. Đặc biệt là kinh nghiệp lập trình, kiểm thử phần mềm, quy trình Agile, cũng như những gợi ý, tham vấn mang tính định hướng nghề nghiệp cho cộng đồng trẻ. Tại 40 gian hàng triển lãm, “chủ nhà” luôn sẵn sàng các hoạt động tương tác sôi nổi với khách đến thăm.\r\n\r\nBan tổ chức cũng chuẩn bị một tiệc giao lưu dành cho khách mời trước sự kiện, cũng như tiệc đêm trước khi sự kiện khép lại.\r\n\r\n', 'maivanha', '2023-12-15', 126),
	(71, 5, '50 bộ Renesas Cloud Kits được Công ty TNHH Thiết kế Renesas trao tặng cho Trường Đại học Bách khoa, ĐHĐN', 'media/post/image002 (11).jpg', 'Chiều ngày 14/02/2023, Trường Đại học Bách khoa, ĐHĐN đã có buổi đón tiếp và trao đổi hợp tác cùng với Công ty TNHH Thiết kế Renesas Việt Nam, đồng thời tiếp nhận 50 bộ Renesas Cloud Kits . Cụ thể, Renesas tài trợ 20 bộ cho Khoa Điện tử - Viễn thông và 30 bộ cho Khoa Công nghệ thông tin theo nhu cầu.', 'Chiều ngày 14/02/2023, Trường Đại học Bách khoa, ĐHĐN đã có buổi đón tiếp và trao đổi hợp tác cùng với Công ty TNHH Thiết kế Renesas Việt Nam, đồng thời tiếp nhận 50 bộ Renesas Cloud Kits . Cụ thể, Renesas tài trợ 20 bộ cho Khoa Điện tử - Viễn thông và 30 bộ cho Khoa Công nghệ thông tin theo nhu cầu.\r\n\r\nTham gia buổi làm việc, về phía Trường Đại học Bách khoa, ĐHĐN gồm có: TS. Huỳnh Thanh Tùng – Phó Giám đốc phụ trách Trung tâm Hỗ trợ sinh viên và Quan hệ doanh nghiệp; PGS.TS. Nguyễn Tấn Khôi – Trưởng khoa Khoa Công nghệ thông tin; TS. Phan Trần Đăng Khoa – Phó Trưởng khoa Khoa Điện tử - Viễn thông cùng thầy cô lãnh đạo của 02 khoa. Về phía Công ty Renesas gồm có: Ông Kimiharu ETO -  Phó Chủ tịch Bộ phận phát triển MCU, đơn vị kinh doanh cơ sở hạ tầng và IoT (Vice President of MCU Development Division, IoT and Infrastructure Business Unit, Renesas Electronics Corp); Ông Hisakazu NASU -Phó Chủ tịch Bộ phận phát triển SoC, đơn vị kinh doanh cơ sở hạ tầng và IoT  (Vice President of SoC Development Division, IoT and Infrastructure Business Unit, Renesas Electronics Corp); Ông Noriaki Sakamoto - Tổng Giám đốc Công ty Renesas Design Vietnam Co., Ltd. (President - Renesas Design Vietnam Co., Ltd.); Bà Hồ Thị Ngọc Hà - Giám Đốc Nhân sự Công ty Renesas Design Vietnam Co., Ltd. (Director, Human Resources, Renesas Design Vietnam Co., Ltd.).\r\n\r\nTập đoàn Renesas Electronics Corp có trụ sở chính tại Nhật Bản, chuyên sản xuất và cung cấp các giải pháp bán dẫn tiên tiến bao gồm bộ vi điều khiển, giải pháp SoC, các thiết bị điện và analog. Renesas Electronics Vietnam là công ty con duy nhất của tập đoàn này tại Việt Nam.\r\n\r\nTại buổi làm việc, Công ty Renesas đã trao tặng 50 bộ Renesas Cloud Kits (RA6M5 board; SparkFun Qwiic WiFi Shield DA16200) cho 0Khoa Công nghệ thông tin (30 bộ) và Khoa Điện tử - Viễn thông (20 bộ). Đồng thời, 02 bên cùng trao đổi về việc tuyển dụng nhân sự thuộc lĩnh vực Công nghệ phần mềm, Thiết kế phần cứng cũng như các cơ hội hợp tác khác.', 'maivanha', '2023-12-15', 114),
	(72, 2, 'Khai giảng và phổ biến quy chế cho Nghiên cứu sinh trúng tuyển đợt tháng 12/2021 và tháng 4/2022', 'media/post/image002 (12).jpg', 'Sáng ngày 21/05/2022, Trường Đại học Bách khoa, ĐHĐN đã tổ chức Khai giảng và phổ biến quy chế cho Nghiên cứu sinh (NCS) trúng tuyển đợt tháng 12/2021 và tháng 04/2022 tại Phòng khách khu A.', 'Tham dự buổi khai giảng gồm có: PGS.TS. Nguyễn Hồng Hải – Phó Hiệu trưởng Nhà trường; PGS.TS. Nguyễn Thị Diệu Hằng – Phó Trưởng phòng phụ trách Phòng Đào tạo; TS. Tào Quang Bảng – Trưởng phòng Phòng Khoa học công nghệ và Hợp tác quốc tế; TS. Phạm Thành Hưng – Phó Giám đốc phụ trách Trung tâm Học liệu và Truyền thông; PGS.TS. Võ Ngọc Dương – Phó trưởng phòng Phòng Đào tạo cùng 09 tân Nghiên cứu sinh trúng tuyển thuộc 04 khoa: Khoa Công nghệ thông tin; Khoa Điện; Khoa Điện tử Viễn thông và Khoa Xây dựng Cầu – Đường.\r\n\r\nPhát biểu tại buổi khai giảng, PGS.TS. Nguyễn Hồng Hải – Phó Hiệu trưởng Nhà trường vui mừng chào đón 09 tân NCS gia nhập vào ngôi nhà chung của Trường Đại học Bách khoa, ĐHĐN. Đồng thời, Thầy gửi lời cảm ơn đến các tân NCS đã lựa chọn Trường Đại học Bách khoa, ĐHĐN để tiếp tục con đường học tập và nghiên cứu ở bậc học cao nhất. Thầy hy vọng các tân NCS sẽ bước vào giai đoạn học tập, nghiên cứu với tinh thần phấn khởi, quyết tâm phấn đấu vượt qua những trở ngại khó khăn, hoàn thành tốt việc nghiên cứu và bảo vệ luận án Tiến sĩ đúng hạn, xứng đáng với kỳ vọng của bản thân, gia đình và xã hội.\r\n\r\nTại buổi khai giảng, các tân NCS cũng đã được TS. Phạm Thành Hưng – Phó Giám đốc phụ trách Trung tâm Học liệu và Truyền thông giới thiệu về các nguồn học liệu tại Trung tâm, cũng như những hỗ trợ từ phía Trung tâm đối với các NCS; TS. Tào Quang Bảng giới thiệu về các hoạt động và chính sách nghiên cứu, chuyển giao công nghệ của Trường; PGS.TS. Võ Ngọc Dương – Phó Trưởng phòng Phòng Đào tạo giới thiệu về các quy định liên quan đến đào tạo trình độ Tiến sĩ.\r\n\r\nChia sẻ tại buổi Khai giảng, tân NCS Lê Xuân Châu – công tác tại Học viện Hải quân cho biết: “Anh tốt nghiệp đại học ở Học viện Hải quân. Sau đó anh tham gia học cao học tại Trường Đại học Bách khoa, ĐHĐN và tốt nghiệp năm 2017. Bản thân anh nhận thấy Trường Đại học Bách khoa, ĐHĐN ￼là￼ một môi trường đào tạo có chất lượng uy tín và có thứ hạng cao theo các chỉ số xếp hạng quốc tế. Tập thể giảng viên Khoa Điện nói riêng và các thầy cô ở mọi vị trí công tác trong trường nói chung đều có trình độ chuyên môn rất cao, có nhiều giảng viên được đào tạo nhiều￼ ￼môi trường giáo dục ở các nước tiên tiến trên thế giới và rất thân thiện. Hướng nghiên cứu phù hợp với chuyên môn đã được học tập và nghiên cứu trước đó. Giáo viên hướng dẫn là người có trình độ chuyên môn cao, uy tín trong lĩnh vực nghiên cứu và rất nhiệt tình trong tham vấn các vấn đề chuyên môn. Bên cạnh đó, con người miền Trung thân thiện và tận tâm trong mọi công việc. Hơn nữa ở Đà Nẵng thì chi phí sinh hoạt học tập cũng phù hợp và gần nhà. Đây chính là lý do để anh chọn Trường Đại học Bách khoa, ĐHĐN để làm NCS\r\n\r\n', 'maivanha', '2023-12-15', 63),
	(73, 2, 'Chất lượng đào tạo nguồn nhân lực IT', 'media/post/001_Lưu-niệm_IT-Job-Fair-2022_0098-1024x349.jpg', 'Cũng như nguồn nhân lực cho nhiều ngành, nghề; nhân lực công nghệ thông tin luôn cần kiến thức chuyên môn vững chắc, nắm bắt tiến bộ-ứng dụng mới. Đặc biệt là kinh nghiệm thực tế từ chính quy trình sản xuất hay cung ứng dịch vụ. Đòi hỏi này chỉ được đáp ứng thỏa mãn trọn vẹn, khi chính lãnh đạo doanh nghiệp hay chuyên gia đến từ các doanh nghiệp ngành, cùng tham gia sâu và chặt chẽ với khoa, trường trong đào tạo.', 'Cũng như nguồn nhân lực cho nhiều ngành, nghề; nhân lực công nghệ thông tin luôn cần kiến thức chuyên môn vững chắc, nắm bắt tiến bộ-ứng dụng mới. Đặc biệt là kinh nghiệm thực tế từ chính quy trình sản xuất hay cung ứng dịch vụ. Đòi hỏi này chỉ được đáp ứng thỏa mãn trọn vẹn, khi chính lãnh đạo doanh nghiệp hay chuyên gia đến từ các doanh nghiệp ngành, cùng tham gia sâu và chặt chẽ với khoa, trường trong đào tạo.\r\n\r\nHội tụ\r\nTheo PGS.TS Nguyễn Tấn khôi, Trưởng khoa Công nghệ thông tin trường Đại học Bách khoa – Đại học Đà Nẵng, trong nhiều năm qua, nhằm gắn kết giữa đào tạo và thực tiễn, trong chương trình đào tạo ngành công nghệ thông tin, Khoa đã mời các chuyên gia doanh nghiệp có kinh nghiệm (đến từ các Công ty như FPT Software, Axon Active, Enclave, Sun Asterisk, Omega, DAC, KMS Technology, VNCERT, LogiGear,…), cùng tham gia giảng dạy một số môn, hoặc đồng chủ trì seminar chuyên đề công nghệ, truyền kinh nghiệm từ các dự án thực tiễn. Kể cả, đồng hướng dẫn các môn học Project Based Learning (học theo dự án – PBL), hay trực tiếp cùng hướng dẫn sinh viên làm đồ án tốt nghiệp.\r\n\r\nCông nghệ phần mềm; Quy trình phát triển phần mềm theo phương pháp Agile; Lập trình Java; Kiểm thử phần mềm; An toàn thông tin mạng, … là những môn, chuyên đề chuyên ngành có sự tham của nhiều chuyên gia, hay lãnh đạo doanh nghiệp.\r\n\r\nKhoa Công nghệ thông tin trường Đại học Bách khoa – Đại học Đà Nẵng đã và đang tiếp tục triển khai một số mô hình gắn kết sâu hơn nữa, tạo điểm hội tụ có sức hút mạnh, để các doanh nghiệp cùng đến và làm việc ngay tại Khoa, chia sẻ công tác đào tạo của Khoa”.\r\n\r\n“Ở FPT Sofware, khi tuyển dụng, chúng tôi quan tâm hàng đầu đến kiến thức chuyên ngành. Yêu cầu là ứng cử viên cần phải vững – chắc cả chuyên môn lẫn thực hành theo chuyên ngành đã học. Và cũng lưu ý, không chỉ biết ngoại ngữ, ứng viên phải sử dụng thạo một ngoại ngữ. Đây sẽ là một điểm cộng tuyệt vời.\r\n\r\nBộ phận nhân sự chúng tôi cũng rất “để ý” đến thái độ cầu tiến, ham học hỏi,… được ứng viên bộc lộ, thể hiện rõ khi tham gia phỏng vấn.\r\n\r\nNgay từ khi các em còn ngồi trên ghế giảng đường, hãy không ngừng học hỏi và trau dồi kiến thức lẫn kỹ năng cho bản thân. Một khi đã xác định tham gia hay triển một công việc gì, các em phải hết lòng, có trách nhiệm đến cùng với công việc đó. Và để thành công, các em phải tập thói quen suy nghĩ chín chắn, trước khi đưa ra quyết định” – bạn Hồ Thị Ngọc Hiếu, cựu sinh viên Đại học Kinh tế, Đại học Đà Nẵng, Phụ trách Nhóm Marketing tại gian trưng bày-tương tác của FPT Software (tại IT Job fair phiên 16/4/2022), chia sẻ và gửi gắm.\r\n\r\nRõ ràng, nếu kiến thức chuyên môn, các em được khoa, trường bồi đắp rất vững, thì để chắc hơn, phải cần đến các thầy, cô là những người đang làm việc trực tiếp trong một quy trình, hay là người đang quản lý doanh nghiệp.\r\n\r\nMột số kỹ năng như “tinh thần cầu tiến, có trách nhiệm đến cùng với công việc”, nếu được các chuyên gia, hay thậm chí một nhân viên, một kỹ sư đang làm việc tại một công ty, tập đoàn hướng dẫn, huấn luyện….kết quả, chắc chắn sẽ tốt hơn rất nhiều, so với các bài học kỹ năng được soạn sẵn ở giáo trình lý thuyết.', 'maivanha', '2023-12-15', 305),
	(74, 2, 'Á khoa khối A cả nước, Thủ khoa khối A tại Đà Nẵng chọn học tại Trường Đại học Bách khoa, Đại học Đà Nẵng', 'media/post/image001 (2).jpg', 'Với tổng điểm 29,3 (Toán 9,8; Lý 9,75; Hóa 9,75), Phan Văn Trường, chàng trai đến từ lớp 12/8, Cựu học sinh trường THPT Nguyễn Trãi (TP Đà Nẵng) đã trở thành một trong 4 thí sinh Á khoa khối A của cả nước, thủ khoa khối A tại Đà Nẵng trong kỳ thi tốt nghiệp THPT năm 2023.', 'Với tổng điểm 29,3 (Toán 9,8; Lý 9,75; Hóa 9,75), Phan Văn Trường, chàng trai đến từ lớp 12/8, Cựu học sinh trường THPT Nguyễn Trãi (TP Đà Nẵng) đã trở thành một trong 4 thí sinh Á khoa khối A của cả nước, thủ khoa khối A tại Đà Nẵng trong kỳ thi tốt nghiệp THPT năm 2023.\r\n\r\nThủ khoa Phan Văn Trường cho biết, em đã lựa chọn đăng ký 1 nguyện vọng duy nhất trên hệ thống của Bộ Giáo dục và Đào tạo để xét tuyển vào Trường Đại học Bách khoa, ĐH Đà Nẵng (DUT), ngành Công nghệ thông tin (Đặc thù – Hợp tác doanh nghiệp) thuộc Khoa Công nghệ thông tin.\r\n\r\nChia sẻ về lý do chọn học tại DUT, Phan Văn Trường vui vẻ tâm sự “Bách khoa là giảng đường em mơ ước, là mục tiêu phấn đấu, lựa chọn của em ngay khi mới vào học lớp 10”. Do đó, em luôn chăm chỉ trong học tập, tập trung học chắc kiến thức của khối A00 để hoàn thành được mục tiêu mình đặt ra. Theo em, việc xác định được ngành học và môi trường là một yếu tố vô cùng quan trọng, giúp em có nhiều thời gian để lên kế hoạch thực hiện và hoàn thành mục tiêu đặt ra.', 'nguyentankhoi', '2023-12-15', 342),
	(75, 7, 'Nghiên cứu sinh Hồ Văn Hùng bảo vệ thành công Luận án Tiến sĩ cấp cơ sở, chuyên ngành Khoa học máy tính', 'media/post/image002 (13).jpg', 'Sáng ngày 19/02/2022, Trường Đại học Bách khoa - Đại học Đà Nẵng đã tổ chức buổi bảo vệ Luận án Tiến sĩ cấp cơ sở của Nghiên cứu sinh (NCS) Hồ Văn Hùng chuyên ngành Khoa học máy tính, với đề tài: “Luồng đa hàng hóa đa chi phí tuyến tính tối ưu trên mạng hỗn hợp mở rộng”. Luận án được thực hiện dưới sự hướng dẫn khoa học của PGS.TS. Trần Quốc Chiến.', 'Sáng ngày 19/02/2022, Trường Đại học Bách khoa - Đại học Đà Nẵng đã tổ chức buổi bảo vệ Luận án Tiến sĩ cấp cơ sở của Nghiên cứu sinh (NCS) Hồ Văn Hùng chuyên ngành Khoa học máy tính, với đề tài: “Luồng đa hàng hóa đa chi phí tuyến tính tối ưu trên mạng hỗn hợp mở rộng”. Luận án được thực hiện dưới sự hướng dẫn khoa học của PGS.TS. Trần Quốc Chiến.\r\n\r\nHội đồng đánh giá Luận án Tiến sĩ gồm 07 thành viên:\r\n\r\n1. PGS.TS. Nguyễn Tấn Khôi, Trường Đại học Bách khoa, ĐHĐN, Chủ tịch Hội đồng;\r\n\r\n2. PGS.TS. Lê Mạnh Thạnh, Đại học Huế, Phản biện 1;\r\n\r\n3. PGS.TS. Nguyễn Thanh Bình, Trường Đại học Công nghệ Thông tin và Truyền thông Việt Hàn, Phản biện 2;\r\n\r\n4. PGS.TS. Huỳnh Trung Hiếu, Trường Đại học Công nghiệp TP. HCM, Ủy viên;\r\n\r\n5. PGS.TS. Võ Trung Hùng, Trường Đại học Sư phạm Kỹ thuật - ĐHĐN, Ủy viên;\r\n\r\n6. PGS.TSKH. Trần Quốc Chiến\r\n, Trường Đại học Sư phạm – ĐHĐN, Ủy viên;\r\n\r\n7. TS. Lê Thị Mỹ Hạnh, Trường Đại học Bách Khoa – ĐHĐN, Thư ký Hội đồng;\r\n\r\nLuận án có những đóng góp thiết thực vào nghiên cứu các bài toán luồng đa hàng hóa đa chi phí tuyến tính tối ưu trong mạng hỗn hợp mở rộng để mô hình hóa các bài toán trong thực tế chính xác và hiệu quả hơn.\r\nVới những kết quả đạt được trong luận án, Hội đồng đánh giá đây là một công trình nghiên cứu khoa học chất lượng và đáp ứng được những yêu cầu của luận án Tiến sĩ. Nghiên cứu sinh đã vận dụng lý thuyết để phân tích, đánh giá và giải quyết vấn đề nghiên cứu. Đề tài nghiên cứu có ý nghĩa về lý luận và thực tiễn. Bên cạnh đó, Hội đồng cũng đưa ra nhiều góp ý mang tính xây dựng để NCS hoàn thiện đề tài một cách tốt nhất.', 'nguyentankhoi', '2023-12-15', 3),
	(76, 6, 'Buổi học cuối cùng cùng người cha yêu quý Mai Văn Hà trong lòng tôi', 'media/post/405811941_318605134465707_2968202784693634801_n.jpg', 'Trời hôm ấy tuy se se lạnh nhưng lòng chúng tôi ấm áp đến lạ thường, hôm ấy là buổi học cuối cùng cùng thầy, thầy tha thiết dạy những dòng code cuối cùng', 'Tôi thương thầy tôi quá, nhưng đành gói gém lại cất trong lòng để lâu lâu lại mang ra hâm nóng lại đoạn tình cảm ấy', 'maivanha', '2023-12-15', 3);

-- Dumping structure for table itf-department-portal.user
CREATE TABLE IF NOT EXISTS `user` (
  `id` varchar(50) NOT NULL DEFAULT '',
  `full_name` varchar(50) DEFAULT NULL,
  `phone_number` varchar(50) DEFAULT NULL,
  `email` varchar(100) DEFAULT NULL,
  `role` varchar(50) NOT NULL,
  `address` varchar(5000) NOT NULL,
  `avatar` varchar(5000) DEFAULT NULL,
  `about` varchar(5000) DEFAULT NULL,
  PRIMARY KEY (`id`) USING BTREE,
  CONSTRAINT `FK_user_account` FOREIGN KEY (`id`) REFERENCES `account` (`username`) ON DELETE NO ACTION ON UPDATE NO ACTION
) ENGINE=InnoDB DEFAULT CHARSET=utf8mb4 COLLATE=utf8mb4_general_ci;

-- Dumping data for table itf-department-portal.user: ~10 rows (approximately)
DELETE FROM `user`;
INSERT INTO `user` (`id`, `full_name`, `phone_number`, `email`, `role`, `address`, `avatar`, `about`) VALUES
	('emyeuthayha', 'Em yêu thầy Hà', '696969696969', 'emyeuthayha@gmail.com', 'GV', 'DUT', 'media/user/default.jpg', ''),
	('leanhtuan2002', 'Tứn Lê', '999999', 'lea.tuan021211@gmail.com', 'AD', 'Điện Phương, Quảng Nam', NULL, ''),
	('maivanha', 'Mai Văn Hà', '0999666999', 'maivanha@gmail.com', 'GV', 'Trường Đại Học Bách Khoa', 'media/avatar/Mai Van Ha.jpg', 'Đối với tôi sinh viên là những đứa con yêu dấu, nhìn sinh viên khổ 1 sở vì học java thì tôi đau trong lòng 10 '),
	('nguyentankhoi', 'Nguyễn Tấn Khôi', '0903 511 888', 'nguyentankhoi@gmail.com', 'GV', 'DUT', 'media/avatar/NTKhoi.jpg', 'Tôi là Trưởng khoa CNTT'),
	('nguyenthexuanly', 'Nguyễn Thế Xuân Ly', '069696969', 'nguyenthexuanly@gmail.com', 'GV', 'DUT', 'media/avatar/nguyen_the_xuan_ly.jpg', 'Muốn biết mạng 69 là gì, hãy đến gặp tôi'),
	('nguyenvanhieu', 'Nguyễn Văn Hiệu', '0367997777', 'nguyenvanhieu@gmail.com', 'GV', 'DUT', 'media/avatar/NVHieu.jpg', 'Chủ nhiệm đáng yêu của 21TCLC_KHDL'),
	('ninhkhanhduy', 'Ninh Khánh Duy', '0935043201', 'ninhkhanhduy@gmail.com', 'GV', 'DUT', 'media/avatar/NKDuy.jpg', 'Tôi là trưởng bộ phận Hệ thống nhúng khoa CNTT'),
	('phamminhtuan', 'Phạm Minh Tuấn', '0913230910', 'phamminhtuan@gmail.com', 'GV', 'DUT', 'media/avatar/pham_minh_tuan.jpg', 'TÔI CHUYÊN DẪN ĐỘI ICPC ĐEM VINH QUANG VỀ CHO TRƯỜNG '),
	('phamnguyenanhphat2003', 'Phạm Nguyễn Anh Phát', '0383600431', 'phatanhpham@gmail.com', 'AD', 'Quảng Nam', NULL, NULL),
	('tranductri2003', 'Trần Đức Trí', '0944948006', 'tranductri2003@gmail.com', 'AD', 'Đà Nẵng', NULL, NULL);

/*!40103 SET TIME_ZONE=IFNULL(@OLD_TIME_ZONE, 'system') */;
/*!40101 SET SQL_MODE=IFNULL(@OLD_SQL_MODE, '') */;
/*!40014 SET FOREIGN_KEY_CHECKS=IFNULL(@OLD_FOREIGN_KEY_CHECKS, 1) */;
/*!40101 SET CHARACTER_SET_CLIENT=@OLD_CHARACTER_SET_CLIENT */;
/*!40111 SET SQL_NOTES=IFNULL(@OLD_SQL_NOTES, 1) */;
